"league","season","player_name","player_position","Age","league_2","transfer_fee","window","Mins_Per_90","Gls_Standard","Sh_Standard","SoT_Standard","SoT_percent_Standard","SoT_per_90_Standard","G_per_SoT_Standard","xG_Expected","G_minus_xG_Expected","Tkl_Tackles","TklW_Tackles","Tkl_Challenges","Tkl_percent_Challenges","Lost_Challenges","Sh_Blocks","Pass_Blocks","Int","Tkl.Int","Clr","Err","Cmp_Total","Att_Total","Cmp_percent_Total","Ast","xAG","xA_Expected","A_minus_xAG_Expected"
"Bundesliga",2019,"Lucas Hernandez","Defender",22,"LaLiga",8e+07,"Summer",12.4,1,5,1,20,0.08,1,0.8,0.2,35,25,17,85,3,9,8,14,49,49,0,448,557,80.4,0,0.8,0.7,-0.8
"Bundesliga",2019,"Mats Hummels","Defender",29,"Bundesliga",30500000,"Summer",19.7,1,19,5,26.3,0.25,0.2,2.4,-1.4,26,17,9,37.5,15,8,12,34,60,50,1,1558,1751,89,1,1,1.6,0
"Bundesliga",2019,"Thorgan Hazard","Forward",25,"Bundesliga",25500000,"Summer",31.9,10,70,22,31.4,0.69,0.32,9.8,0.2,50,33,17,35.4,31,2,33,27,77,12,0,975,1392,70,11,8.9,9.7,2.1
"Bundesliga",2019,"Nico Schulz","Defender",25,"Bundesliga",25500000,"Summer",28.2,1,30,8,26.7,0.28,0.13,2.3,-1.3,34,20,15,41.7,21,4,28,24,58,36,0,1170,1565,74.8,5,10.5,10.3,-5.5
"Bundesliga",2019,"Julian Brandt","Midfielder",22,"Bundesliga",2.5e+07,"Summer",29.6,7,65,25,38.5,0.84,0.28,8,-1,27,16,7,16.3,36,1,26,17,44,12,1,1443,1877,76.9,11,9.3,8.9,1.7
"Bundesliga",2019,"Christopher Nkunku","Midfielder",20,"Ligue 1",19500000,"Summer",12.8,3,23,5,21.7,0.39,0.6,2.6,0.4,21,16,7,43.8,9,2,10,9,30,7,1,572,645,88.7,2,3.1,2.5,-1.1
"Bundesliga",2019,"Ademola Lookman","Forward",20,"Premier League",1.8e+07,"Summer",6.9,0,12,3,25,0.44,0,1.4,-1.4,15,7,4,66.7,2,0,10,7,22,2,0,224,274,81.8,2,1.4,1,0.6
"Bundesliga",2019,"Kerem Demirbay","Midfielder",25,"Bundesliga",3.2e+07,"Summer",22.4,4,59,16,27.1,0.71,0.25,4.5,-0.5,57,35,11,21.6,40,10,24,22,79,25,0,1094,1423,76.9,9,7.4,7.7,1.6
"Bundesliga",2019,"Moussa Diaby","Forward",19,"Ligue 1",1.5e+07,"Summer",12.7,2,23,7,30.4,0.55,0.29,2.2,-0.2,14,8,2,18.2,9,1,6,12,26,6,0,447,562,79.5,6,3.9,3.3,2.1
"Bundesliga",2019,"Nadiem Amiri","Midfielder",21,"Bundesliga",9e+06,"Summer",8.4,3,18,6,33.3,0.72,0.5,2.2,0.8,14,9,3,23.1,10,0,11,7,21,4,0,320,375,85.3,1,1.4,1.5,-0.4
"Bundesliga",2019,"Breel Embolo","Forward",21,"Bundesliga",1.1e+07,"Summer",14.9,5,26,13,50,0.87,0.38,4.2,0.8,22,17,1,11.1,8,0,11,4,26,6,0,165,262,63,1,2.9,1.6,-1.9
"Bundesliga",2019,"Ramy Bensebaini","Defender",23,"Ligue 1",8e+06,"Summer",23.9,1,17,3,17.6,0.13,0.33,1.2,-0.2,69,48,40,69,18,10,14,41,110,98,0,979,1272,77,0,1.1,1.3,-1.1
"Bundesliga",2019,"Jacob Bruun Larsen","Forward",19,"Bundesliga",9e+06,"Winter",14.1,2,26,9,34.6,0.64,0.22,3.3,-1.3,15,9,7,41.2,10,1,14,13,28,12,0,412,536,76.9,2,3.5,2.4,-1.5
"2. Bundesliga",2019,"Benito Raman","Forward",23,"Bundesliga",1e+07,"Summer",18.7,10,55,26,47.3,1.39,0.38,7.4,2.6,35,20,11,20.8,42,2,28,15,50,8,0,307,462,66.5,4,2.7,2.8,1.3
"2. Bundesliga",2019,"Lucas Tousart","Midfielder",21,"Ligue 1",2.5e+07,"Winter",19.2,0,24,5,20.8,0.26,0,0.9,-0.9,74,38,25,42.4,34,13,17,26,100,27,0,854,983,86.9,0,0.5,0.7,-0.5
"2. Bundesliga",2019,"Krzysztof Piatek","Forward",23,"Serie A",2.4e+07,"Winter",15.3,9,41,21,51.2,1.38,0.43,6.9,2.1,8,6,3,30,7,2,5,1,9,15,0,191,250,76.4,0,1.2,0.6,-1.2
"2. Bundesliga",2019,"Matheus Cunha","Forward",19,"Bundesliga",1.8e+07,"Winter",9.5,2,34,10,29.4,1.06,0.2,4.2,-2.2,10,6,3,23.1,10,1,12,4,14,8,0,155,236,65.7,0,0.7,0.9,-0.7
"Bundesliga",2019,"Martin Hinteregger","Defender",25,"Bundesliga",9e+06,"Summer",17.5,2,17,4,23.5,0.23,0.5,0.9,1.1,48,35,24,68.6,11,13,11,22,70,68,0,643,860,74.8,0,0.7,0.6,-0.7
"Bundesliga",2019,"Dominik Kohr","Midfielder",24,"Bundesliga",8500000,"Summer",10.8,0,15,4,26.7,0.37,0,1.4,-1.4,42,29,14,40,21,12,13,15,57,17,1,404,508,79.5,2,1.7,0.5,0.3
"Bundesliga",2019,"Vincenzo Grifo","Forward",25,"Bundesliga",7e+06,"Summer",3.7,1,14,2,14.3,0.54,0,1.5,-0.5,6,3,0,0,5,1,1,2,8,5,0,123,185,66.5,2,0.6,0.7,1.4
"Bundesliga",2019,"Jonathan Schmid","Midfielder",28,"Bundesliga",4e+06,"Summer",28,3,17,9,52.9,0.32,0.33,0.8,2.2,44,22,16,57.1,12,8,14,43,87,70,2,1104,1406,78.5,7,3.3,3.5,3.7
"Bundesliga",2019,"Florian Niederlechner","Forward",27,"Bundesliga",2500000,"Summer",10.8,4,31,18,58.1,1.67,0.22,4.6,-0.6,7,5,0,0,5,4,8,6,13,10,0,120,179,67,1,0.7,0.6,0.3
"Bundesliga",2019,"Ellyes Skhiri","Midfielder",23,"Ligue 1",6e+06,"Summer",34.3,3,25,5,20,0.15,0.6,1.2,1.8,105,58,43,47.3,48,7,53,60,165,41,0,1428,1673,85.4,2,1.2,1.7,0.8
"2. Bundesliga",2019,"Dawid Kownacki","Forward",21,"Serie A",6750000,"Winter",1.9,1,4,1,25,0.54,0,1.9,-0.9,2,1,1,25,3,0,0,0,2,0,0,65,83,78.3,1,0.6,0.3,0.4
"Bundesliga",2019,"Anthony Ujah","Forward",27,"Bundesliga",2e+06,"Summer",8.2,4,27,12,44.4,1.47,0.33,4.2,-0.2,2,0,1,50,1,2,5,1,3,10,0,116,181,64.1,0,2.1,1,-2.1
"Bundesliga",2020,"Bouna Sarr","Defender",27,"Ligue 1",8e+06,"Summer",24,1,28,4,14.3,0.17,0.25,2.4,-1.4,60,37,30,56.6,23,1,16,32,92,38,0,1092,1357,80.5,3,1.8,2.1,1.2
"Bundesliga",2020,"Emre Can","Midfielder",25,"Serie A",2.5e+07,"Summer",3.2,0,7,2,28.6,0.63,0,1.2,-1.2,10,7,3,30,7,0,4,2,12,3,0,143,162,88.3,0,0.1,0.2,-0.1
"Bundesliga",2020,"Demarai Gray","Forward",23,"Premier League",2e+06,"Winter",6.9,2,22,7,31.8,1.01,0.29,2.8,-0.8,12,6,6,50,6,0,7,5,17,4,0,265,327,81,3,2.1,2.1,0.9
"Bundesliga",2020,"Steven Zuber","Forward",27,"Bundesliga",3e+06,"Summer",8.3,2,9,2,22.2,0.24,1,1.5,0.5,11,10,9,47.4,10,1,3,9,20,12,0,339,418,81.1,0,0.3,0.4,-0.3
"Bundesliga",2020,"Ridle Baku","Defender",21,"Bundesliga",1e+07,"Summer",26.1,1,22,6,27.3,0.23,0.17,1,0,54,31,26,49.1,27,7,38,42,96,57,0,827,1167,70.9,3,3.4,4.1,-0.4
"Bundesliga",2020,"Mijat Gacinovic","Midfielder",24,"Bundesliga",3e+06,"Summer",11.6,0,25,7,28,0.6,0,3.1,-3.1,19,11,6,24,19,2,24,15,34,6,0,249,359,69.4,1,1.4,1,-0.4
"Bundesliga",2020,"Baptiste Santamaria","Midfielder",24,"Ligue 1",1e+07,"Summer",27.8,1,35,11,31.4,0.4,0.09,1.6,-0.6,91,53,35,44.3,44,5,22,43,134,36,0,1079,1337,80.7,1,1.4,1.6,-0.4
"Bundesliga",2020,"Ondrej Duda","Midfielder",24,"Bundesliga",7e+06,"Summer",5,0,7,5,71.4,1.01,0,0.5,-0.5,6,4,1,10,9,1,2,5,11,5,0,144,187,77,1,0.3,0.4,0.7
"Bundesliga",2020,"Sebastian Andersson","Forward",28,"Bundesliga",6500000,"Summer",29.8,12,63,35,55.6,1.17,0.31,11.9,0.1,20,10,4,21.1,15,3,16,5,25,36,0,463,800,57.9,1,1.9,1.5,-0.9
"Bundesliga",2021,"Dayot Upamecano","Defender",21,"Bundesliga",42500000,"Summer",25.9,1,14,5,35.7,0.19,0.2,1.3,-0.3,37,30,14,70,6,14,11,33,70,74,2,1953,2216,88.1,0,0.6,1.3,-0.6
"Bundesliga",2021,"Marcel Sabitzer","Midfielder",26,"Bundesliga",1.5e+07,"Summer",22.5,8,56,22,39.3,0.98,0.18,7.6,0.4,29,21,12,32.4,25,2,5,35,64,27,0,1051,1344,78.2,3,2.7,3.6,0.3
"Bundesliga",2021,"Andre Silva","Forward",24,"Bundesliga",2.3e+07,"Summer",30.7,28,110,53,48.2,1.73,0.4,25.6,2.4,11,2,6,46.2,7,1,10,3,14,15,0,561,774,72.5,7,4.7,4.9,2.3
"Bundesliga",2021,"Mohamed Simakan","Defender",20,"Ligue 1",1.5e+07,"Summer",17.9,1,14,4,28.6,0.22,0.25,1.3,-0.3,32,22,9,50,9,11,6,31,63,41,0,699,851,82.1,1,0.9,0.9,0.1
"Bundesliga",2021,"Mitchel Bakker","Midfielder",20,"Ligue 1",7e+06,"Summer",18.8,0,2,2,100,0.11,0,0.3,-0.3,38,30,17,65.4,9,2,20,22,60,20,0,1177,1334,88.2,2,1.9,2.4,0.1
"Bundesliga",2021,"Robert Andrich","Midfielder",25,"Bundesliga",6500000,"Summer",28.1,5,41,9,22,0.32,0.56,2.6,2.4,51,24,24,45.3,29,6,34,51,102,31,2,1127,1442,78.2,2,2,2.4,0
"Bundesliga",2021,"Sebastiaan Bornauw","Defender",21,"Bundesliga",13500000,"Summer",23.1,1,18,5,27.8,0.22,0.2,1.5,-0.5,29,20,14,56,11,26,7,40,69,104,0,752,922,81.6,1,0,0.1,1
"Bundesliga",2021,"Max Kruse","Forward",32,"Bundesliga",5e+06,"Winter",18.1,11,24,13,54.2,0.72,0.46,6.8,4.2,7,3,2,22.2,7,0,11,3,10,3,0,567,765,74.1,5,4.2,3.3,0.8
"Bundesliga",2021,"Luca Netz","Defender",17,"Bundesliga",2e+06,"Summer",3.4,1,2,1,50,0.29,1,0.7,0.3,14,8,6,35.3,11,0,3,6,20,8,0,126,165,76.4,0,0.1,0.2,-0.1
"Bundesliga",2021,"Marvin Friedrich","Defender",24,"Bundesliga",5500000,"Winter",34,5,25,6,24,0.18,0.83,1.6,3.4,47,29,18,56.3,14,18,20,52,99,109,0,1443,1827,79,2,2.5,1.4,-0.5
"2. Bundesliga",2021,"Marco Richter","Midfielder",22,"Bundesliga",7100000,"Summer",15.7,3,55,19,34.5,1.21,0.16,5.1,-2.1,17,9,7,30.4,16,0,10,6,23,9,0,279,480,58.1,1,1.7,1.5,-0.7
"2. Bundesliga",2021,"Myziane Maolida","Forward",21,"Ligue 1",4e+06,"Summer",12,3,19,4,21.1,0.33,0.75,2.2,0.8,13,8,4,36.4,7,1,5,6,19,4,0,266,365,72.9,1,1.9,1.9,-0.9
"Bundesliga",2022,"Matthijs de Ligt","Defender",21,"Serie A",6.7e+07,"Summer",29.7,3,20,10,50,0.34,0.3,1.6,1.4,34,19,15,83.3,3,21,10,26,60,103,0,1510,1704,88.6,1,1,1.1,0
"Bundesliga",2022,"Sadio Mane","Forward",29,"Premier League",3.2e+07,"Summer",31.3,16,98,37,37.8,1.18,0.43,17.2,-1.2,33,20,8,30.8,18,1,29,8,41,15,0,818,1100,74.4,2,5.2,4.4,-3.2
"Bundesliga",2022,"Nico Schlotterbeck","Defender",21,"Bundesliga",2e+07,"Summer",30.9,4,36,16,44.4,0.52,0.25,3.6,0.4,72,43,33,68.8,15,32,9,56,128,154,1,1403,1750,80.2,1,1.5,2.3,-0.5
"Bundesliga",2022,"Anthony Modeste","Forward",33,"Bundesliga",5100000,"Summer",29,20,106,43,40.6,1.49,0.44,18,2,10,6,3,16.7,15,2,9,4,14,29,0,289,450,64.2,4,2.9,2.3,1.1
"Bundesliga",2022,"Salih Ozcan","Midfielder",23,"Bundesliga",5e+06,"Summer",25.7,2,27,6,22.2,0.23,0.33,1.9,0.1,42,30,22,43.1,29,5,32,51,93,35,1,1128,1360,82.9,0,1,1.9,-1
"Bundesliga",2022,"Julian Ryerson","Defender",23,"Bundesliga",5e+06,"Winter",15.9,2,17,6,35.3,0.38,0.33,1.3,0.7,27,15,17,68,8,4,8,16,43,32,0,482,650,74.2,0,1.5,1.5,-1.5
"Bundesliga",2022,"David Raum","Defender",23,"Bundesliga",2.6e+07,"Summer",30.6,3,25,8,32,0.26,0.38,1.7,1.3,52,29,30,46.9,34,5,33,27,79,39,1,1463,2003,73,11,11.4,13.9,-0.4
"Bundesliga",2022,"Timo Werner","Forward",25,"Premier League",2e+07,"Summer",14.3,4,45,16,35.6,1.12,0.25,6.8,-2.8,8,4,2,10,18,0,9,2,10,4,0,297,402,73.9,1,0.3,0.8,0.7
"Bundesliga",2022,"Xaver Schlager","Midfielder",23,"Bundesliga",1.2e+07,"Summer",11.6,0,10,1,10,0.09,0,0.3,-0.3,43,20,20,40.8,29,2,23,9,52,14,0,319,422,75.6,1,0.6,0.6,0.4
"Bundesliga",2022,"Lucas Alario","Forward",28,"Bundesliga",6e+06,"Summer",7.3,6,22,13,59.1,1.79,0.46,6,0,6,5,2,40,3,0,5,1,7,6,0,115,171,67.3,0,1,1.5,-1
"Bundesliga",2022,"Mattias Svanberg","Midfielder",22,"Serie A",9500000,"Summer",28.5,3,39,13,33.3,0.46,0.23,2.1,0.9,39,15,16,29.6,38,9,22,28,67,34,0,766,1037,73.9,3,2.8,2.3,0.2
"Bundesliga",2022,"Morten Thorsby","Midfielder",25,"Serie A",3e+06,"Summer",32.7,3,26,7,26.9,0.21,0.43,3.2,-0.2,46,26,28,50,28,12,25,25,71,39,0,705,992,71.1,1,1.1,1.6,-0.1
"Bundesliga",2022,"Genki Haraguchi","Midfielder",30,"Bundesliga",1e+06,"Winter",19.5,2,29,6,20.7,0.31,0.33,2.1,-0.1,37,20,15,31.3,33,3,22,26,63,15,0,395,546,72.3,6,1.6,1.2,4.4
"Bundesliga",2022,"Angelo Fulgini","Midfielder",24,"Ligue 1",6e+06,"Summer",32.5,5,58,17,29.3,0.52,0.29,5.8,-0.8,35,25,14,31.8,30,5,16,22,57,5,1,1108,1376,80.5,4,4,3.1,0
"Bundesliga",2022,"Maxim Leitsch","Defender",23,"Bundesliga",3500000,"Summer",17.1,1,5,1,20,0.06,1,1.1,-0.1,18,10,10,66.7,5,19,12,31,49,74,1,685,835,82,0,0.5,0.2,-0.5
"Bundesliga",2022,"Ludovic Ajorque","Forward",27,"Ligue 1",6e+06,"Winter",30.4,12,56,24,42.9,0.79,0.38,10.6,1.4,36,25,7,17.5,33,3,25,8,44,31,1,653,906,72.1,8,7,4,1
"Bundesliga",2022,"Sargis Adamyan","Forward",28,"Bundesliga",1500000,"Summer",3.7,1,3,2,66.7,0.54,0.5,0.7,0.3,8,6,3,27.3,8,0,4,1,9,2,0,73,101,72.3,0,0.5,0.5,-0.5
"Bundesliga",2022,"Steffen Tigges","Forward",23,"Bundesliga",1500000,"Summer",1.2,3,4,3,75,2.41,1,1.1,1.9,4,3,2,66.7,1,1,2,0,4,3,0,22,40,55,0,0.4,0.3,-0.4
"2. Bundesliga",2022,"Sebastian Polter","Forward",30,"Bundesliga",1500000,"Summer",26,10,54,21,38.9,0.81,0.43,8.7,1.3,9,3,2,18.2,9,5,10,2,11,24,0,259,489,53,1,2.4,1.4,-1.4
"LaLiga",2019,"Antoine Griezmann","Forward",27,"LaLiga",1.2e+08,"Summer",35.5,15,110,42,38.2,1.18,0.29,13.9,1.1,31,19,8,28.6,20,1,17,12,43,21,0,1123,1510,74.4,8,7.7,7.4,0.3
"LaLiga",2019,"Junior Firpo","Defender",21,"LaLiga",2e+07,"Summer",21.5,3,19,7,36.8,0.33,0.43,2.2,0.8,38,25,10,41.7,14,2,25,23,61,48,0,914,1138,80.3,4,2.2,3.1,1.8
"LaLiga",2019,"Marc Cucurella","Defender",20,"LaLiga",4e+06,"Summer",26.2,1,22,2,9.1,0.08,0.5,2,-1,49,37,10,43.5,13,3,33,20,69,24,0,744,998,74.5,2,3.2,3.5,-1.2
"LaLiga",2019,"Martin Braithwaite","Forward",27,"LaLiga",1.8e+07,"Winter",15.6,4,29,8,27.6,0.51,0.5,5.1,-1.1,5,3,0,0,4,0,9,3,8,4,0,176,245,71.8,5,1.4,1.2,3.6
"LaLiga",2019,"Eden Hazard","Forward",27,"Premier League",1.15e+08,"Summer",32.5,16,89,39,43.8,1.2,0.31,10.5,5.5,14,9,5,29.4,12,0,10,13,27,6,1,1581,1985,79.6,15,10,10,5
"LaLiga",2019,"Luka Jovic","Forward",20,"Bundesliga",6.3e+07,"Summer",24.9,17,96,41,42.7,1.65,0.39,14.9,2.1,10,5,1,8.3,11,0,8,3,13,30,0,426,623,68.4,5,3.9,2.4,1.1
"LaLiga",2019,"Ferland Mendy","Defender",23,"Ligue 1",4.8e+07,"Summer",28.1,2,23,7,30.4,0.25,0.29,0.9,1.1,44,28,14,82.4,3,5,17,34,78,53,2,1636,1974,82.9,1,3.2,3.6,-2.2
"LaLiga",2019,"Marcos Llorente","Midfielder",23,"LaLiga",3e+07,"Summer",6,0,1,1,100,0.17,0,0.1,-0.1,16,12,8,44.4,10,0,8,7,23,12,0,350,379,92.3,0,0.2,0.2,-0.2
"LaLiga",2019,"Mario Hermoso","Defender",23,"LaLiga",2.5e+07,"Summer",31.2,3,27,11,40.7,0.35,0.27,2.6,0.4,38,24,21,53.8,18,25,9,37,75,175,2,1355,1625,83.4,0,0.4,0.9,-0.4
"LaLiga",2019,"Kieran Trippier","Defender",27,"Premier League",2.2e+07,"Summer",25.3,1,8,3,37.5,0.12,0.33,0.5,0.5,67,37,37,59.7,25,5,33,23,90,77,2,1526,2025,75.4,3,4.1,4.7,-1.1
"LaLiga",2019,"Maxi Gomez","Forward",21,"LaLiga",14500000,"Summer",32.9,13,81,27,33.3,0.82,0.44,12.5,0.5,6,4,1,8.3,11,0,3,2,8,43,0,497,694,71.6,5,3,1.8,2
"LaLiga",2019,"Jules Kounde","Defender",19,"Ligue 1",3.5e+07,"Summer",37,0,13,1,7.7,0.03,0,1,-1,48,31,27,65.9,14,23,21,50,98,193,7,1614,2015,80.1,1,0.8,0.9,0.2
"LaLiga",2019,"Lucas Ocampos","Forward",24,"Ligue 1",1.5e+07,"Summer",30.1,4,62,23,37.1,0.76,0.17,5.7,-1.7,80,54,34,42.5,46,5,35,29,109,30,0,692,941,73.5,8,3.4,3.3,4.6
"LaLiga",2019,"Diego Carlos","Defender",25,"Ligue 1",1.5e+07,"Summer",35,1,31,4,12.9,0.11,0.25,2,-1,58,34,26,78.8,7,31,13,50,108,186,1,1397,1706,81.9,0,0.5,0.9,-0.5
"LaLiga",2019,"Joan Jordan","Midfielder",24,"LaLiga",1.4e+07,"Summer",31.9,4,58,17,29.3,0.53,0.24,2.6,1.4,63,40,28,35,52,4,34,32,95,18,1,1473,1875,78.6,4,5,5.9,-1
"LaLiga",2019,"Youssef En-Nesyri","Forward",21,"LaLiga",2e+07,"Winter",23.4,9,74,24,32.4,1.03,0.38,7.1,1.9,16,8,4,16.7,20,3,15,6,22,23,0,279,513,54.4,2,2.3,1.5,-0.3
"LaLiga",2019,"Borja Iglesias","Forward",25,"LaLiga",2.8e+07,"Summer",34.2,17,87,35,40.2,1.02,0.4,16,1,23,14,5,20.8,19,6,8,7,30,41,0,477,688,69.3,3,4.1,2.5,-1.1
"LaLiga",2019,"Nabil Fekir","Midfielder",25,"Ligue 1",19750000,"Summer",22.1,9,85,38,44.7,1.72,0.13,10.2,-1.2,51,31,13,34.2,25,0,42,7,58,3,0,877,1079,81.3,7,5.4,5,1.6
"LaLiga",2019,"Juanmi","Forward",25,"LaLiga",8e+06,"Summer",16.9,5,43,20,46.5,1.18,0.25,6.6,-1.6,21,12,8,36.4,14,0,12,16,37,13,0,295,373,79.1,2,1.5,1.1,0.5
"LaLiga",2019,"Ruben Pena","Defender",27,"LaLiga",8e+06,"Summer",29.7,1,22,4,18.2,0.13,0.25,0.8,0.2,63,46,24,45.3,29,9,28,35,98,57,0,1308,1954,66.9,2,4.4,5.1,-2.4
"LaLiga",2019,"Raul Albiol","Defender",32,"Serie A",4e+06,"Summer",19,1,4,1,25,0.05,1,0.3,0.7,16,8,8,53.3,7,16,3,20,36,90,1,1009,1131,89.2,0,0.4,0.7,-0.4
"LaLiga",2019,"Paco Alcacer","Forward",24,"Bundesliga",2.3e+07,"Winter",13.5,18,51,26,51,1.93,0.65,9.5,8.5,3,1,0,0,6,0,5,6,9,7,0,213,290,73.4,0,1.6,2.5,-1.6
"LaLiga",2019,"Erick Cabaco","Defender",23,"LaLiga",8e+06,"Winter",18.1,2,10,3,30,0.17,0.67,1.5,0.5,22,13,12,41.4,17,14,15,29,51,69,0,514,710,72.4,0,0.1,0.3,-0.1
"LaLiga2",2019,"Fernando Calero","Defender",22,"LaLiga",8e+06,"Summer",34.8,1,10,2,20,0.06,0.5,0.8,0.2,51,31,23,60.5,15,31,24,55,106,170,0,1218,1466,83.1,0,0.3,0.6,-0.3
"LaLiga2",2019,"Leandro Cabrera","Defender",27,"LaLiga",9e+06,"Winter",31,2,22,7,31.8,0.23,0.29,2.3,-0.3,47,26,24,58.5,17,16,13,52,99,216,2,556,1126,49.4,0,0.8,0.7,-0.8
"LaLiga",2019,"Lucas Perez","Forward",29,"Premier League",2300000,"Summer",5.3,3,9,3,33.3,0.57,1,1.3,1.7,6,4,1,33.3,2,1,1,2,8,2,0,102,147,69.4,0,0.8,0.7,-0.8
"LaLiga",2019,"Joselu","Forward",28,"Premier League",2240000,"Summer",6.6,2,17,5,29.4,0.76,0.4,1.6,0.4,14,8,4,44.4,5,0,5,3,17,15,0,130,212,61.3,0,0,0.2,0
"LaLiga2",2019,"Sergio Leon","Forward",29,"LaLiga",4e+06,"Summer",7.1,0,13,2,15.4,0.28,0,0.6,-0.6,4,2,2,25,6,0,4,2,6,6,0,79,104,76,1,0.6,0.7,0.4
"LaLiga2",2019,"Pablo Hervias","Forward",25,"LaLiga",1e+06,"Summer",2,0,4,1,25,0.5,0,0.1,-0.1,1,1,0,0,4,0,2,0,1,0,0,45,80,56.3,1,0.3,0.3,0.7
"LaLiga",2019,"Darwin Machis","Forward",25,"Serie A",5e+06,"Summer",5.1,0,16,3,18.8,0.58,0,1.1,-1.1,7,6,0,0,4,0,6,2,9,8,0,129,176,73.3,1,0.9,0.7,0.1
"LaLiga2",2019,"Takashi Inui","Forward",30,"LaLiga",2e+06,"Summer",4.2,0,13,3,23.1,0.72,0,1,-1,4,3,3,42.9,4,0,3,1,5,1,0,105,131,80.2,0,0.1,0.2,-0.1
"LaLiga",2020,"Miralem Pjanic","Midfielder",29,"Serie A",6e+07,"Summer",25.3,3,21,5,23.8,0.2,0.6,1,2,46,21,21,33.3,42,12,17,32,78,30,0,1751,1999,87.6,6,4.4,3.4,1.6
"LaLiga",2020,"Luis Suarez","Forward",32,"LaLiga",9e+06,"Summer",22.2,16,78,41,52.6,1.85,0.37,12.7,3.3,4,0,2,16.7,10,1,5,1,5,11,0,505,672,75.1,8,2.5,2.8,5.5
"LaLiga",2020,"Geoffrey Kondogbia","Midfielder",26,"LaLiga",1.6e+07,"Winter",20.1,1,19,4,21.1,0.2,0.25,1.1,-0.1,63,40,19,37.3,32,6,19,57,120,36,2,935,1117,83.7,1,0.2,0.4,0.8
"LaLiga",2020,"Suso","Forward",25,"Serie A",21700000,"Summer",15.1,1,31,12,38.7,0.79,0.08,1.1,-0.1,7,3,2,20,8,0,5,8,15,3,0,564,754,74.8,2,4.5,4.4,-2.5
"LaLiga",2020,"Ivan Rakitic","Midfielder",31,"LaLiga",3500000,"Summer",17.7,1,24,7,29.2,0.4,0.14,2.1,-1.1,27,14,10,35.7,18,6,13,15,42,18,1,1323,1497,88.4,3,1.4,2.7,1.6
"LaLiga",2020,"Karim Rekik","Defender",24,"Bundesliga",2e+06,"Summer",14,1,5,2,40,0.14,0.5,0.6,0.4,16,10,3,50,3,15,8,18,34,44,0,626,715,87.6,0,0.3,0.5,-0.3
"LaLiga",2020,"Papu Gomez","Forward",31,"Serie A",6400000,"Winter",31.6,7,95,41,43.2,1.3,0.17,7.8,-0.8,27,13,13,28.9,32,0,24,17,44,6,1,1566,1995,78.5,16,9.9,9.3,6.1
"LaLiga",2020,"Francis Coquelin","Midfielder",28,"LaLiga",7100000,"Summer",21.2,0,9,1,11.1,0.05,0,0.4,-0.4,37,21,16,42.1,22,9,10,38,75,25,0,897,1004,89.3,0,0.2,0.5,-0.2
"LaLiga",2020,"Alex Berenguer","Forward",24,"Serie A",1.2e+07,"Summer",20.3,6,40,14,35,0.69,0.43,4,2,20,6,8,24.2,25,1,16,18,38,17,0,582,791,73.6,2,4,3.2,-2
"LaLiga",2020,"Enric Gallego","Forward",32,"LaLiga",3e+06,"Summer",1.8,0,3,1,33.3,0.55,0,0.2,-0.2,3,1,2,50,2,0,2,2,5,1,0,24,51,47.1,0,0,0.1,0
"LaLiga",2021,"Eduardo Camavinga","Midfielder",17,"Ligue 1",3.1e+07,"Summer",26.7,1,26,8,30.8,0.3,0.13,1.8,-0.8,98,58,38,49.4,39,2,34,23,121,15,1,1425,1604,88.8,2,1.8,1.4,0.2
"LaLiga",2021,"Ferran Torres","Forward",20,"Premier League",5.5e+07,"Winter",14.5,7,36,14,38.9,0.96,0.5,4.9,2.1,12,5,5,31.3,11,0,16,3,15,8,0,353,445,79.3,2,2.2,1.7,-0.2
"LaLiga",2021,"Matheus Cunha","Forward",21,"Bundesliga",3.5e+07,"Summer",23.9,7,67,31,46.3,1.3,0.16,8.4,-1.4,36,16,13,26.5,36,2,27,31,67,9,0,492,758,64.9,4,4.5,3.9,-0.5
"LaLiga",2021,"Daniel Wass","Midfielder",31,"LaLiga",2700000,"Winter",33.1,4,37,10,27,0.3,0.3,2.9,1.1,52,31,22,40,33,13,20,47,99,69,0,1237,1626,76.1,1,2.3,1.8,-1.3
"LaLiga",2021,"Boulaye Dia","Forward",23,"Ligue 1",1.2e+07,"Summer",32.6,14,58,22,37.9,0.68,0.41,12.5,1.5,23,12,4,18.2,18,5,14,12,35,37,1,488,621,78.6,1,1.8,1.3,-0.8
"LaLiga",2021,"Thomas Delaney","Midfielder",28,"Bundesliga",6e+06,"Summer",14.3,1,8,3,37.5,0.21,0.33,0.6,0.4,40,30,11,35.5,20,10,18,22,62,15,1,684,828,82.6,1,0.2,0.4,0.8
"LaLiga",2021,"Dimitri Foulquier","Defender",27,"LaLiga",2500000,"Summer",29.6,0,8,4,50,0.14,0,0.8,-0.8,35,21,15,57.7,11,7,17,26,61,60,0,817,1130,72.3,4,1.5,1.1,2.5
"LaLiga",2021,"German Pezzella","Defender",29,"Serie A",3250000,"Summer",30.5,1,16,2,12.5,0.07,0.5,1.3,-0.3,34,20,18,56.3,14,14,12,36,70,109,1,1000,1181,84.7,0,0.5,0.5,-0.5
"LaLiga",2021,"Jakub Jankto","Midfielder",24,"Serie A",5160000,"Summer",26.8,6,39,10,25.6,0.37,0.6,4.6,1.4,28,17,11,31.4,24,1,15,24,52,34,0,621,920,67.5,3,3.5,4.2,-0.5
"LaLiga",2021,"Stefan Mitrovic","Defender",30,"Ligue 1",1e+06,"Summer",30.9,2,12,4,33.3,0.13,0.5,1.3,0.7,36,27,24,64.9,13,13,10,31,67,108,5,1112,1275,87.2,0,0.3,0.4,-0.3
"LaLiga",2022,"Raphinha","Forward",24,"Premier League",5.8e+07,"Summer",32.4,11,84,21,25,0.65,0.33,10.2,0.8,51,29,22,31,49,0,43,29,80,28,1,824,1301,63.3,3,7.5,6.2,-4.5
"LaLiga",2022,"Jules Kounde","Defender",22,"LaLiga",5e+07,"Summer",30.4,2,13,3,23.1,0.1,0.67,1.1,0.9,40,17,18,64.3,10,18,15,21,61,101,2,1894,2153,88,1,2.3,2.2,-1.3
"LaLiga",2022,"Robert Lewandowski","Forward",32,"Bundesliga",4.5e+07,"Summer",32.7,35,156,75,48.1,2.29,0.4,33.2,1.8,10,3,5,29.4,12,2,15,6,16,8,0,575,767,75,3,4.4,4.8,-1.4
"LaLiga",2022,"Nahuel Molina","Defender",23,"Serie A",2e+07,"Summer",29.3,7,44,16,36.4,0.55,0.44,3.8,3.2,41,24,16,33.3,32,3,21,22,63,44,2,860,1228,70,2,3.7,3.6,-1.7
"LaLiga",2022,"Brais Mendez","Midfielder",24,"LaLiga",1.4e+07,"Summer",33.6,4,56,16,28.6,0.48,0.25,4.6,-0.6,68,35,26,29.9,61,6,46,37,105,30,0,1195,1528,78.2,5,3.3,3.9,1.7
"LaLiga",2022,"Johan Mojica","Defender",28,"LaLiga",5500000,"Summer",31.7,2,16,3,18.8,0.09,0.67,0.8,1.2,46,25,23,74.2,8,3,19,25,71,61,3,1400,1863,75.1,5,5.3,4.6,-0.3
"LaLiga",2022,"Tanguy Nianzou","Defender",19,"Bundesliga",1.6e+07,"Summer",6.5,1,6,1,16.7,0.15,1,0.4,0.6,11,7,7,63.6,4,2,5,7,18,17,0,492,539,91.3,1,1.5,0.8,-0.5
"LaLiga",2022,"Moi Gomez","Forward",27,"LaLiga",1800000,"Summer",14.3,2,13,5,38.5,0.35,0.4,2.6,-0.6,15,7,5,29.4,12,0,5,6,21,6,0,474,596,79.5,2,2.7,2.5,-0.7
"LaLiga",2022,"Oriol Romeu","Midfielder",29,"Premier League",5500000,"Summer",32.1,2,24,4,16.7,0.12,0.5,1.4,0.6,77,39,28,38.4,45,8,31,51,128,43,0,1377,1691,81.4,2,2.9,2.5,-0.9
"LaLiga",2022,"El Bilal Toure","Forward",19,"Ligue 1",8e+06,"Summer",13.3,2,32,10,31.3,0.75,0.1,4.1,-2.1,13,6,2,28.6,5,3,7,6,19,19,0,242,330,73.3,4,1.7,0.8,2.3
"LaLiga",2022,"Vedat Muriqi","Forward",27,"Serie A",8020000,"Summer",2.4,0,4,2,50,0.84,0,0.4,-0.4,1,0,0,0,5,0,0,0,1,2,0,42,64,65.6,0,0,0.1,0
"LaLiga",2022,"Raul de Tomas","Forward",26,"LaLiga",8e+06,"Summer",32.4,17,101,40,39.6,1.24,0.3,15.1,1.9,15,11,6,35.3,11,3,9,6,21,42,1,611,749,81.6,3,1.6,1.8,1.4
"Ligue 1",2019,"Abdou Diallo","Defender",22,"Bundesliga",3.2e+07,"Summer",26.4,1,10,4,40,0.15,0.25,1.6,-0.6,36,20,11,73.3,4,15,13,26,62,91,1,1730,1959,88.3,1,0.6,1,0.4
"Ligue 1",2019,"Pablo Sarabia","Forward",26,"LaLiga",1.8e+07,"Summer",30.3,12,74,30,40.5,0.99,0.37,12,0,30,15,6,12.8,41,3,27,22,52,20,0,1045,1442,72.5,13,11.1,9,1.9
"Ligue 1",2019,"Jeff Reine-Adelaide","Midfielder",20,"Ligue 1",2.5e+07,"Summer",28.4,3,36,14,38.9,0.49,0.21,5.5,-2.5,40,22,16,41,23,0,20,19,59,10,0,933,1133,82.3,3,3,2.9,0
"Ligue 1",2019,"Joachim Andersen","Defender",22,"Serie A",2.4e+07,"Summer",32,0,13,5,38.5,0.16,0,1,-1,40,27,19,61.3,12,15,15,35,75,147,1,1804,2036,88.6,1,0.7,0.5,0.3
"Ligue 1",2019,"Thiago Mendes","Midfielder",26,"Ligue 1",2.2e+07,"Summer",34.2,0,32,4,12.5,0.12,0,1.5,-1.5,85,47,39,54.9,32,11,33,68,153,49,0,1742,2137,81.5,5,4.8,3.8,0.2
"Ligue 1",2019,"Wissam Ben Yedder","Forward",27,"LaLiga",4e+07,"Summer",31.2,18,74,34,45.9,1.09,0.47,18,0,18,16,2,16.7,10,0,18,11,29,2,0,570,795,71.7,9,7.4,5.5,1.6
"Ligue 1",2019,"Gelson Martins","Forward",23,"LaLiga",3e+07,"Summer",2.5,0,5,1,20,0.39,0,0.3,-0.3,5,3,3,75,1,0,1,1,6,1,0,49,67,73.1,0,0.1,0.1,-0.1
"Ligue 1",2019,"Guillermo Maripan","Defender",24,"LaLiga",1.8e+07,"Summer",22.3,2,15,4,26.7,0.18,0.5,2.5,-0.5,46,26,26,68.4,12,19,16,40,86,133,2,533,709,75.2,2,1,0.4,1
"Ligue 1",2019,"Ruben Aguilar","Defender",25,"Ligue 1",8e+06,"Summer",28.1,1,13,4,30.8,0.14,0.25,0.9,0.1,88,51,39,56.5,30,3,20,37,125,50,1,1315,1640,80.2,4,2.5,2.7,1.5
"Ligue 1",2019,"Aurelien Tchouameni","Midfielder",18,"Ligue 1",1.8e+07,"Winter",7.8,0,7,1,14.3,0.13,0,0.3,-0.3,24,12,7,38.9,11,5,6,21,45,14,0,224,281,79.7,0,0.1,0.1,-0.1
"Ligue 1",2019,"Youssouf Fofana","Midfielder",19,"Ligue 1",1.5e+07,"Winter",10.1,2,12,3,25,0.3,0.67,1.2,0.8,28,20,9,33.3,18,0,7,11,39,8,0,271,355,76.3,1,0.6,0.2,0.4
"Ligue 1",2019,"Renato Sanches","Midfielder",20,"Bundesliga",2e+07,"Summer",6.4,1,17,4,23.5,0.62,0.25,0.9,0.1,5,5,3,30,7,0,7,4,9,2,0,323,368,87.8,1,0.9,0.6,0.1
"Ligue 1",2019,"Benjamin Andre","Midfielder",27,"Ligue 1",7e+06,"Summer",27.7,3,28,9,32.1,0.32,0.33,3,0,101,60,33,38.8,52,6,34,54,155,58,0,1174,1505,78,1,0.8,1.3,0.2
"Ligue 1",2019,"Valentin Rongier","Midfielder",23,"Ligue 1",1.3e+07,"Summer",35.8,4,71,15,21.1,0.42,0.2,6,-2,86,54,26,40,39,6,40,33,119,19,0,1631,2036,80.1,5,5.6,4.7,-0.6
"Ligue 1",2019,"Flavien Tait","Midfielder",25,"Ligue 1",9e+06,"Summer",33.2,5,84,37,44,1.12,0.14,7,-2,58,35,23,39,36,2,27,28,86,15,0,1120,1556,72,7,9.3,8.1,-2.3
"Ligue 1",2019,"Jonas Martin","Midfielder",28,"Ligue 1",4e+06,"Summer",22.9,3,17,8,47.1,0.35,0.13,3.9,-0.9,46,28,17,51.5,16,12,18,30,76,42,0,1346,1541,87.3,1,1.7,2.3,-0.7
"Ligue 2",2019,"Laurent Koscielny","Defender",32,"Premier League",5e+06,"Summer",14.8,3,5,4,80,0.27,0.75,1.4,1.6,19,11,10,62.5,6,15,5,30,49,72,0,820,895,91.6,0,0.2,0.2,-0.2
"Ligue 2",2019,"Remi Oudin","Midfielder",21,"Ligue 1",1e+07,"Winter",29,10,78,24,30.8,0.83,0.42,8.5,1.5,51,32,20,44.4,25,5,24,42,93,34,0,482,842,57.2,4,3,2.3,1
"Ligue 1",2019,"Molla Wague","Defender",27,"Serie A",1200000,"Summer",1.1,0,3,1,33.3,0.95,0,0.4,-0.4,1,1,0,0,1,0,1,4,5,5,0,43,49,87.8,0,0,0,0
"Ligue 2",2019,"Denis Bouanga","Forward",23,"Ligue 1",4500000,"Summer",29.3,8,86,32,37.2,1.09,0.25,7.8,0.2,52,32,13,21.3,48,3,21,20,72,16,0,434,647,67.1,2,3.2,2.1,-1.2
"Ligue 2",2019,"Ryad Boudebouz","Midfielder",28,"LaLiga",3500000,"Summer",6,0,10,3,30,0.5,0,0.5,-0.5,8,4,4,40,6,1,4,5,13,2,0,282,343,82.2,0,1,1,-1
"Ligue 2",2019,"Zaydou Youssouf","Midfielder",19,"Ligue 1",2e+06,"Summer",4.7,0,6,3,50,0.64,0,0.3,-0.3,7,5,3,42.9,4,1,4,5,12,0,0,136,185,73.5,0,0.1,0.2,-0.1
"Ligue 1",2019,"Sanjin Prcic","Midfielder",24,"LaLiga",1e+06,"Summer",5.9,0,8,1,12.5,0.17,0,0.2,-0.2,18,13,5,45.5,6,7,4,11,29,11,1,235,288,81.6,0,0,0.2,0
"Ligue 2",2019,"Sada Thioub","Forward",23,"Ligue 1",3500000,"Summer",27.5,3,35,15,42.9,0.55,0.2,3.8,-0.8,30,19,20,44.4,25,1,28,16,46,11,0,716,972,73.7,5,2.8,3.4,2.2
"Ligue 2",2019,"Antonin Bobichon","Midfielder",22,"Ligue 1",1500000,"Summer",23.9,7,36,11,30.6,0.46,0.64,1.9,5.1,34,16,16,27.6,42,3,12,15,49,13,0,705,879,80.2,2,2.4,2.3,-0.4
"Ligue 1",2019,"Teji Savanier","Midfielder",26,"Ligue 1",9500000,"Summer",31.8,6,63,17,27,0.53,0.12,5.6,0.4,95,58,43,37.1,73,15,17,64,159,53,2,1235,1885,65.5,14,10.4,7.4,3.6
"Ligue 1",2019,"Wesley Said","Forward",23,"Ligue 1",8e+06,"Summer",25,4,58,25,43.1,1,0.16,5.1,-1.1,25,18,5,25,15,0,9,9,34,9,0,426,599,71.1,1,2.8,2.4,-1.8
"Championnat National",2019,"Yassine Benzia","Midfielder",23,"Ligue 1",1500000,"Winter",1.8,0,6,1,16.7,0.56,0,0.2,-0.2,1,1,1,100,0,0,0,1,2,1,0,83,102,81.4,1,0.6,0.5,0.4
"Ligue 1",2020,"Rafinha","Midfielder",26,"LaLiga",1500000,"Summer",2.1,0,6,1,16.7,0.48,0,0.7,-0.7,3,2,1,50,1,0,0,1,4,0,0,139,162,85.8,0,0.4,0.4,-0.4
"Ligue 1",2020,"Lucas Paqueta","Midfielder",21,"Serie A",23440000,"Summer",12.3,0,33,11,33.3,0.9,0,2.1,-2.1,33,19,14,37.8,23,2,15,8,41,9,0,438,565,77.5,1,1.7,1,-0.7
"Ligue 1",2020,"Karl Toko Ekambi","Forward",26,"LaLiga",11500000,"Summer",11,6,39,19,48.7,1.72,0.32,8,-2,5,3,1,25,3,0,2,3,8,2,0,175,225,77.8,2,1.5,1.1,0.5
"Ligue 1",2020,"Axel Disasi","Defender",21,"Ligue 1",1.3e+07,"Summer",27,1,15,2,13.3,0.07,0.5,2.8,-1.8,32,21,17,63,10,24,5,26,58,97,0,1270,1507,84.3,0,0.4,0.7,-0.4
"Ligue 1",2020,"Kevin Volland","Forward",27,"Bundesliga",1.1e+07,"Summer",22.7,10,78,32,41,1.41,0.31,11.5,-1.5,16,6,5,31.3,11,2,12,5,21,7,0,398,591,67.3,7,5.8,4.1,1.2
"Ligue 1",2020,"Martin Terrier","Forward",22,"Ligue 1",1.2e+07,"Summer",13.3,1,17,8,47.1,0.6,0.13,1.6,-0.6,20,15,3,21.4,11,1,13,10,30,11,0,341,444,76.8,2,1.7,1.4,0.3
"Ligue 1",2020,"Nayef Aguerd","Defender",23,"Ligue 1",4e+06,"Summer",10.6,1,4,1,25,0.09,1,0.3,0.7,13,9,8,66.7,4,11,0,18,31,54,0,492,597,82.4,0,0,0,0
"Ligue 1",2020,"Hassane Kamara","Defender",25,"Ligue 1",4e+06,"Summer",19,2,31,7,22.6,0.37,0.29,1.9,0.1,58,47,24,68.6,11,2,15,58,116,58,0,891,1117,79.8,0,0.6,1.3,-0.6
"Ligue 1",2020,"Habib Diallo","Forward",24,"Ligue 1",1e+07,"Summer",24.4,12,73,28,38.4,1.15,0.39,9.6,2.4,2,1,0,0,6,5,1,4,6,43,0,299,452,66.2,3,2.6,1.4,0.4
"Ligue 1",2020,"Seko Fofana","Midfielder",24,"Serie A",8500000,"Summer",25,3,46,13,28.3,0.52,0.23,3.4,-0.4,17,12,9,25.7,26,1,19,17,34,19,0,922,1070,86.2,7,3.7,1.9,3.3
"Ligue 1",2020,"Ignatius Ganago","Forward",20,"Ligue 1",6e+06,"Summer",13.8,3,17,5,29.4,0.36,0.6,1.9,1.1,10,6,3,16.7,15,1,7,4,14,13,0,274,361,75.9,1,0.9,1.1,0.1
"Ligue 1",2020,"Franck Honorat","Forward",22,"Ligue 1",5e+06,"Summer",9.4,0,5,1,20,0.11,0,0.1,-0.1,16,11,8,34.8,15,1,11,5,21,13,1,234,390,60,3,1.8,1.3,1.2
"Ligue 1",2020,"Christophe Herelle","Defender",26,"Ligue 1",4e+06,"Summer",12.3,3,6,3,50,0.24,1,1.2,1.8,14,11,3,42.9,4,8,6,17,31,26,1,804,906,88.7,0,0.4,0.6,-0.4
"Championnat National",2020,"Patrick Burner","Defender",23,"Ligue 1",1500000,"Summer",15.9,1,7,1,14.3,0.06,1,0.3,0.7,35,25,14,56,11,2,9,30,65,37,0,941,1099,85.6,1,0.8,0.5,0.2
"Ligue 1",2021,"Achraf Hakimi","Defender",21,"Serie A",6.8e+07,"Summer",29.6,7,39,16,41,0.54,0.44,4.7,2.3,53,32,23,47.9,25,1,30,22,75,23,1,1253,1539,81.4,8,6.2,6.8,1.8
"Ligue 1",2021,"Romain Faivre","Midfielder",22,"Ligue 1",1.5e+07,"Winter",32.1,6,62,22,35.5,0.68,0.23,6.2,-0.2,54,27,21,38.9,33,0,30,30,84,18,0,1172,1476,79.4,5,7.2,6.5,-2.2
"Ligue 1",2021,"Ismail Jakobs","Defender",20,"Bundesliga",6500000,"Summer",19.2,1,22,6,27.3,0.31,0.17,2.4,-1.4,25,10,11,52.4,10,1,17,16,41,36,0,459,703,65.3,1,1.9,1.5,-0.9
"Ligue 1",2021,"Loic Bade","Defender",20,"Ligue 1",1.7e+07,"Summer",29,0,11,3,27.3,0.1,0,1,-1,57,34,30,54.5,25,17,26,74,131,135,2,1672,1961,85.3,0,0.3,0.5,-0.3
"Ligue 1",2021,"Gaetan Laborde","Forward",26,"Ligue 1",1.5e+07,"Summer",36.2,16,99,40,40.4,1.11,0.4,11.4,4.6,43,22,16,26.7,44,3,26,16,59,25,1,575,902,63.7,8,4.6,4.2,3.4
"Ligue 1",2021,"Baptiste Santamaria","Midfielder",25,"Bundesliga",1.4e+07,"Summer",24.5,1,29,8,27.6,0.33,0.13,2.2,-1.2,51,38,20,37,34,7,29,52,103,34,1,777,1043,74.5,2,1.4,1.5,0.6
"Ligue 1",2021,"Andy Delort","Forward",28,"Ligue 1",1e+07,"Summer",27.6,15,90,35,38.9,1.27,0.43,12.8,2.2,12,7,8,44.4,10,1,10,4,16,34,0,530,905,58.6,9,6.3,6,2.7
"Ligue 1",2021,"Melvin Bard","Defender",19,"Ligue 1",3e+06,"Summer",4.8,0,2,1,50,0.21,0,0.1,-0.1,12,8,6,54.5,5,2,8,6,18,14,0,309,385,80.3,0,0.4,0.4,-0.4
"Ligue 1",2021,"Gerzino Nyamsi","Defender",23,"Ligue 1",1500000,"Summer",9.7,1,5,1,20,0.1,1,0.5,0.5,12,10,4,66.7,2,5,3,10,22,32,1,574,657,87.4,0,0.1,0.2,-0.1
"Ligue 1",2021,"Romain Del Castillo","Forward",24,"Ligue 1",1500000,"Summer",7.2,0,16,5,31.3,0.69,0,1.1,-1.1,30,11,5,20,20,0,6,3,33,4,1,267,374,71.4,5,2.7,2.5,2.3
"Ligue 2",2021,"Xavier Chavalerin","Midfielder",29,"Ligue 1",1e+06,"Summer",28.3,0,22,6,27.3,0.21,0,1.2,-1.2,92,50,26,35.1,48,9,34,43,135,29,1,843,1017,82.9,3,2.6,1.7,0.4
"Ligue 1",2022,"Carlos Soler","Midfielder",24,"LaLiga",1.8e+07,"Summer",27.5,11,34,14,41.2,0.51,0.29,9.1,1.9,29,19,11,29.7,26,4,15,14,43,28,0,659,982,67.1,5,4,4.4,1
"Ligue 1",2022,"Renato Sanches","Midfielder",23,"Ligue 1",1.5e+07,"Summer",18.3,2,22,4,18.2,0.22,0.5,0.9,1.1,19,7,9,34.6,17,3,11,14,33,7,0,986,1208,81.6,5,3.3,4.1,1.7
"Ligue 1",2022,"Nordi Mukiele","Defender",23,"Bundesliga",1.2e+07,"Summer",20.5,1,22,7,31.8,0.34,0.14,1.9,-0.9,35,22,14,51.9,13,5,26,31,66,44,2,851,1147,74.2,3,3.5,2.8,-0.5
"Ligue 1",2022,"Amine Gouiri","Forward",21,"Ligue 1",2.8e+07,"Summer",30.6,10,71,33,46.5,1.08,0.21,11.8,-1.8,22,13,10,31.3,22,5,17,11,33,17,1,786,1044,75.3,9,5.9,6.1,3.1
"Ligue 1",2022,"Arthur Theate","Defender",21,"Serie A",1.9e+07,"Summer",26.9,2,21,6,28.6,0.22,0.33,1.5,0.5,33,19,14,45.2,17,16,13,42,75,69,0,1231,1488,82.7,1,0.6,0.4,0.4
"Ligue 1",2022,"Christopher Wooh","Defender",19,"Ligue 1",9e+06,"Summer",11.7,0,8,2,25,0.17,0,1,-1,29,11,11,61.1,7,14,7,21,50,40,1,526,604,87.1,1,0.4,0.2,0.6
"Ligue 1",2022,"Takumi Minamino","Forward",26,"Premier League",1.5e+07,"Summer",2.1,3,7,4,57.1,1.94,0.75,1.6,1.4,3,2,2,25,6,0,2,1,4,2,0,58,69,84.1,0,0.5,0.6,-0.5
"Ligue 1",2022,"Breel Embolo","Forward",24,"Bundesliga",12500000,"Summer",24.1,9,48,23,47.9,0.96,0.39,8.4,-0.4,16,11,3,37.5,5,2,12,6,22,7,0,398,541,73.6,3,4.7,3.4,-1.7
"Ligue 1",2022,"Jordan Veretout","Midfielder",28,"Serie A",1.3e+07,"Summer",25.8,4,27,8,29.6,0.31,0.38,4.6,-0.6,34,25,15,38.5,24,1,11,27,61,22,1,1215,1440,84.4,8,5.4,4.1,2.6
"Ligue 1",2022,"Jonathan Clauss","Defender",28,"Ligue 1",7500000,"Summer",33.8,5,40,16,40,0.47,0.31,3,2,63,34,22,40,33,1,42,73,136,51,0,1243,1883,66,11,7,7.6,4
"Ligue 1",2022,"Azzedine Ounahi","Midfielder",21,"Ligue 1",8e+06,"Winter",18.1,2,26,4,15.4,0.22,0.5,2,0,39,22,11,27.5,29,1,18,26,65,13,0,782,909,86,1,1.5,1.4,-0.5
"Ligue 1",2022,"Gaetan Laborde","Forward",27,"Ligue 1",1.5e+07,"Summer",30.3,12,84,32,38.1,1.06,0.31,14.9,-2.9,19,7,3,13.6,19,3,26,8,27,16,0,424,663,64,8,5.1,4.4,2.9
"Ligue 1",2022,"Adam Ounas","Forward",24,"Serie A",3e+06,"Summer",3.6,0,13,2,15.4,0.55,0,0.7,-0.7,6,1,3,42.9,4,0,3,2,8,3,0,158,204,77.5,0,0.8,0.7,-0.8
"Ligue 1",2022,"Salis Abdul Samed","Midfielder",21,"Ligue 1",5e+06,"Summer",27.4,1,18,5,27.8,0.18,0.2,0.7,0.3,43,23,20,35.1,37,1,17,42,85,15,0,1535,1701,90.2,0,0.9,0.8,-0.9
"Ligue 1",2022,"Jimmy Cabot","Midfielder",27,"Ligue 1",2e+06,"Summer",22.3,0,11,3,27.3,0.13,0,0.4,-0.4,81,44,47,56.6,36,0,29,32,113,30,0,1081,1381,78.3,5,1.7,1.5,3.3
"Ligue 1",2022,"Adrien Thomasson","Midfielder",27,"Ligue 1",3900000,"Winter",26.5,8,48,19,39.6,0.72,0.42,6.2,1.8,64,31,30,32.3,63,4,52,29,93,16,1,991,1305,75.9,4,3.3,4.5,0.7
"Ligue 1",2022,"Jean-Victor Makengo","Midfielder",23,"Serie A",1.1e+07,"Winter",26.1,1,32,10,31.3,0.38,0.1,3,-2,30,21,15,51.7,14,6,20,19,49,17,0,702,843,83.3,3,2.2,1.3,0.8
"Ligue 1",2022,"Bamba Dieng","Forward",21,"Ligue 1",7e+06,"Winter",10.8,7,36,18,50,1.66,0.33,7.8,-0.8,17,11,4,28.6,10,0,7,5,22,8,0,144,193,74.6,1,1.9,1.4,-0.9
"Ligue 1",2022,"Ignatius Ganago","Forward",22,"Ligue 1",4400000,"Summer",11.4,5,31,10,32.3,0.88,0.5,4.2,0.8,3,2,2,33.3,4,0,4,2,5,3,0,142,196,72.4,1,1.1,0.5,-0.1
"Ligue 2",2022,"Cedric Hountondji","Defender",27,"Ligue 1",2e+06,"Summer",22.6,1,8,3,37.5,0.13,0.33,0.6,0.4,33,17,16,66.7,8,12,11,34,67,76,0,836,988,84.6,0,0,0.1,0
"Premier League",2019,"Rodri","Midfielder",22,"LaLiga",7e+07,"Summer",30.4,3,27,7,25.9,0.23,0.43,2.7,0.3,103,70,39,52,36,11,24,41,144,68,0,1756,1933,90.8,1,1.4,1.2,-0.4
"Premier League",2019,"Joao Cancelo","Defender",24,"Serie A",6.5e+07,"Summer",21.9,1,25,7,28,0.32,0.14,1.7,-0.7,43,28,27,55.1,22,4,10,15,58,48,0,1251,1524,82.1,3,4,4.7,-1
"Premier League",2019,"Tanguy Ndombele","Midfielder",21,"Ligue 1",6.2e+07,"Summer",29.9,1,31,7,22.6,0.23,0.14,1.9,-0.9,66,43,22,40.7,32,9,20,30,96,13,3,1759,1987,88.5,7,3.6,2.9,3.4
"Premier League",2019,"Harry Maguire","Defender",25,"Premier League",8.7e+07,"Summer",28.8,3,30,12,40,0.42,0.25,2.4,0.6,31,17,11,64.7,6,18,14,36,67,155,4,1499,1753,85.5,0,0.8,1,-0.8
"Premier League",2019,"Nicolas Pepe","Forward",23,"Ligue 1",8e+07,"Summer",36.9,22,108,51,47.2,1.38,0.25,21.1,0.9,27,10,8,22.9,27,0,33,13,40,11,1,982,1295,75.8,11,9.6,7.3,1.4
"Premier League",2019,"David Luiz","Defender",31,"Premier League",8700000,"Summer",36,3,34,8,23.5,0.22,0.38,2.6,0.4,41,31,21,75,7,18,15,35,76,149,1,2317,2643,87.7,2,2.9,2.8,-0.9
"Premier League",2019,"Alex Iwobi","Midfielder",22,"Premier League",30400000,"Summer",21.9,3,35,14,40,0.64,0.21,3.5,-0.5,28,14,6,24,19,1,20,12,40,13,1,767,1028,74.6,6,7,5.6,-1
"Premier League",2019,"Moise Kean","Forward",18,"Serie A",27500000,"Summer",6,6,20,10,50,1.66,0.6,3.6,2.4,0,0,0,0,1,0,1,2,2,1,0,67,86,77.9,0,0.3,0.3,-0.3
"Premier League",2019,"Jean-Philippe Gbamin","Midfielder",22,"Bundesliga",2.5e+07,"Summer",29.7,2,36,7,19.4,0.24,0.29,1.4,0.6,51,31,23,45.1,28,5,34,30,81,32,1,1080,1367,79,1,1.9,2.6,-0.9
"Premier League",2019,"Fabian Delph","Midfielder",28,"Premier League",9500000,"Summer",8.1,0,4,3,75,0.37,0,0.1,-0.1,23,14,12,52.2,11,0,3,13,36,19,1,700,766,91.4,1,0.3,0.5,0.7
"Championship",2019,"Ayoze Perez","Forward",25,"Premier League",33400000,"Summer",32.4,12,55,27,49.1,0.83,0.44,7.5,4.5,59,22,17,27,46,4,51,42,101,33,1,594,805,73.8,2,3.6,2.6,-1.6
"Championship",2019,"Dennis Praet","Midfielder",24,"Serie A",19200000,"Summer",32.1,2,34,12,35.3,0.37,0.17,2.3,-0.3,62,44,27,52.9,24,4,29,36,98,31,0,1556,1868,83.3,3,5,4.4,-2
"Premier League",2019,"Patrick Cutrone","Forward",20,"Serie A",1.8e+07,"Summer",16.2,3,34,14,41.2,0.86,0.21,3,0,9,5,2,12.5,14,2,11,7,16,13,0,241,335,71.9,2,1.6,0.9,0.4
"Premier League",2019,"Sebastien Haller","Forward",24,"Bundesliga",5e+07,"Summer",24.2,15,51,23,45.1,0.95,0.52,13.1,1.9,24,11,8,38.1,13,1,20,15,39,23,0,501,800,62.6,9,6.1,4.4,2.9
"Premier League",2019,"Pablo Fornals","Midfielder",22,"LaLiga",2.8e+07,"Summer",27.5,2,58,16,27.6,0.58,0.13,3.7,-1.7,49,26,15,27.8,39,4,28,24,73,19,0,897,1187,75.6,3,5.9,3.3,-2.9
"Premier League",2019,"Joelinton","Midfielder",21,"Bundesliga",4.4e+07,"Summer",23.7,7,56,24,42.9,1.01,0.29,8.3,-1.3,35,22,10,33.3,20,3,33,14,49,8,0,558,711,78.5,5,5.2,4.6,-0.2
"Premier League",2019,"Allan Saint-Maximin","Forward",21,"Ligue 1",1.8e+07,"Summer",32.2,6,73,16,21.9,0.5,0.31,7.8,-1.8,12,6,2,14.3,12,0,11,4,16,3,0,694,962,72.1,3,6.6,6.5,-3.6
"Premier League",2019,"Matt Targett","Defender",22,"Premier League",15500000,"Summer",13.2,1,11,3,27.3,0.23,0.33,0.5,0.5,27,19,12,46.2,14,3,16,27,54,42,0,443,665,66.6,3,2.3,1.7,0.7
"Premier League",2019,"Bjorn Engels","Defender",23,"Ligue 1",8e+06,"Summer",33,1,9,4,44.4,0.12,0.25,1.1,-0.1,11,8,6,37.5,10,24,6,44,55,181,3,1102,1320,83.5,1,1.3,1.1,-0.3
"Championship",2019,"Ismaila Sarr","Forward",20,"Ligue 1",3e+07,"Summer",31,8,53,19,35.8,0.61,0.37,6,2,35,24,17,50,17,2,15,14,49,4,0,550,755,72.8,6,6.1,6.1,-0.1
"Championship",2019,"Ignacio Pussetto","Forward",22,"Serie A",8500000,"Winter",24.2,4,57,18,31.6,0.74,0.22,5.9,-1.9,65,40,15,34.9,28,3,25,29,94,34,0,493,725,68,4,2.3,1.7,1.7
"Premier League",2019,"Lys Mousset","Forward",22,"Premier League",11100000,"Summer",4.1,1,12,7,58.3,1.71,0.14,1.4,-0.4,3,1,1,25,3,0,3,1,4,3,0,87,124,70.2,0,0.3,0.7,-0.3
"Premier League",2020,"Ferran Torres","Forward",19,"LaLiga",33500000,"Summer",25,4,33,9,27.3,0.36,0.44,4,0,23,15,8,26.7,22,3,17,14,37,12,0,535,768,69.7,5,4.9,3.3,0.1
"Premier League",2020,"Diogo Jota","Forward",22,"Premier League",44700000,"Summer",25.4,7,69,26,37.7,1.02,0.27,11.5,-4.5,28,15,12,25,36,0,17,9,37,10,2,682,886,77,1,2.7,1.9,-1.7
"Premier League",2020,"Kai Havertz","Midfielder",20,"Bundesliga",8e+07,"Summer",27.3,12,58,25,43.1,0.92,0.44,9.1,2.9,21,15,6,15.4,33,0,22,2,23,22,0,1182,1403,84.2,6,7.8,5.3,-1.8
"Premier League",2020,"Timo Werner","Forward",23,"Bundesliga",5.3e+07,"Summer",31.1,28,120,60,50,1.93,0.42,21.2,6.8,20,9,3,18.8,13,0,16,5,25,2,0,756,1056,71.6,8,9.5,8.4,-1.5
"Premier League",2020,"Ben Chilwell","Defender",22,"Premier League",50200000,"Summer",26.4,3,16,6,37.5,0.23,0.5,1,2,43,26,23,44.2,29,6,24,28,71,68,2,1544,2021,76.4,3,3.9,3.2,-0.9
"Premier League",2020,"Matt Doherty","Defender",27,"Premier League",16800000,"Summer",31.5,4,35,15,42.9,0.48,0.27,6.9,-2.9,55,29,27,65.9,14,4,30,40,95,52,1,1392,1854,75.1,3,2.2,2.1,0.8
"Premier League",2020,"Thomas Partey","Midfielder",26,"LaLiga",5e+07,"Summer",28.3,3,32,8,25,0.28,0.38,1.6,1.4,70,41,26,44.8,32,8,24,48,118,41,7,1371,1677,81.8,0,1.1,1.1,-1.1
"Premier League",2020,"Allan","Midfielder",28,"Serie A",24600000,"Summer",14.2,2,12,7,58.3,0.49,0.29,0.5,1.5,50,27,18,33.3,36,3,16,16,66,11,1,726,842,86.2,1,1.1,0.8,-0.1
"Championship",2020,"Wesley Fofana","Defender",18,"Ligue 1",3.5e+07,"Summer",13.5,1,7,1,14.3,0.07,1,0.9,0.1,25,15,12,66.7,6,5,5,36,61,55,4,536,657,81.6,0,0.1,0.1,-0.1
"Championship",2020,"Timothy Castagne","Defender",23,"Serie A",20900000,"Summer",19.7,1,18,5,27.8,0.25,0.2,2,-1,31,20,13,52,12,5,29,17,48,23,0,946,1138,83.1,2,2.2,1.9,-0.2
"Premier League",2020,"Nelson Semedo","Defender",25,"LaLiga",3.2e+07,"Summer",23.3,1,8,2,25,0.09,0.5,0.6,0.4,51,30,21,58.3,15,3,15,22,73,30,0,1469,1661,88.4,2,2.1,2.3,-0.1
"Premier League",2020,"Bertrand Traore","Forward",23,"Ligue 1",18400000,"Summer",13.9,1,36,11,30.6,0.79,0.09,3.7,-2.7,27,14,8,42.1,11,2,15,21,48,16,0,433,584,74.1,3,3.2,2.8,-0.2
"Premier League",2020,"Morgan Sanson","Midfielder",24,"Ligue 1",15800000,"Winter",24.1,5,39,12,30.8,0.5,0.42,3.8,1.2,60,28,13,25,39,5,34,23,83,9,0,719,892,80.6,4,3.2,1.7,0.8
"Championship",2020,"Ibrahima Diallo","Midfielder",20,"Ligue 1",1.2e+07,"Summer",17.3,0,5,2,40,0.12,0,0.2,-0.2,38,24,12,41.4,17,2,7,23,61,16,3,732,858,85.3,1,0.7,0.6,0.3
"Championship",2020,"Mohammed Salisu","Defender",20,"LaLiga",1.2e+07,"Summer",30.3,1,7,1,14.3,0.03,1,1.4,-0.4,41,24,21,61.8,13,26,6,35,76,158,3,894,1115,80.2,1,0.5,0.2,0.5
"Premier League",2020,"Kenny Tete","Defender",23,"Ligue 1",3200000,"Summer",11.9,0,7,2,28.6,0.17,0,0.7,-0.7,33,21,15,65.2,8,3,9,19,52,34,0,680,857,79.3,1,1.5,1.7,-0.5
"Championship",2020,"Rodrigo","Forward",28,"LaLiga",3e+07,"Summer",20.9,4,41,14,34.1,0.67,0.29,6.7,-2.7,10,6,2,8.7,21,1,8,9,19,13,0,470,639,73.6,7,5.7,2.8,1.3
"Championship",2020,"Diego Llorente","Defender",25,"LaLiga",2e+07,"Summer",25.9,1,10,4,40,0.15,0.25,1.1,-0.1,30,14,16,57.1,12,7,7,28,58,101,5,1427,1640,87,1,0.2,0.3,0.8
"Championship",2020,"Raphinha","Forward",22,"Ligue 1",18600000,"Summer",18.8,5,42,13,31,0.69,0.31,5.2,-0.2,22,18,10,31.3,22,1,22,17,39,14,1,444,678,65.5,3,5.4,3.8,-2.4
"Championship",2020,"Robin Koch","Defender",23,"Bundesliga",1.3e+07,"Summer",30.1,1,35,10,28.6,0.33,0.1,4,-3,34,20,11,42.3,15,22,8,45,79,94,4,1266,1517,83.5,0,1.1,1.6,-1.1
"Premier League",2020,"Dale Stephens","Midfielder",30,"Premier League",1100000,"Summer",28.1,0,19,2,10.5,0.07,0,0.6,-0.6,73,44,25,33.3,50,11,20,58,131,42,2,1440,1687,85.4,1,1.3,1.7,-0.3
"Premier League",2021,"Jack Grealish","Forward",24,"Premier League",117500000,"Summer",24.3,6,50,17,34,0.7,0.35,4.6,1.4,31,14,15,62.5,9,3,17,12,43,5,3,872,1105,78.9,10,7.4,6.5,2.6
"Premier League",2021,"Ibrahima Konate","Defender",21,"Bundesliga",4e+07,"Summer",7.7,1,4,2,50,0.26,0.5,0.7,0.3,6,4,2,25,6,3,3,8,14,24,0,480,561,85.6,0,0,0.1,0
"Premier League",2021,"Romelu Lukaku","Forward",27,"Serie A",1.13e+08,"Summer",32,24,90,42,46.7,1.31,0.43,23,1,11,1,6,42.9,8,1,10,3,14,34,0,538,762,70.6,11,7,5.4,4
"Premier League",2021,"Jadon Sancho","Forward",20,"Bundesliga",8.5e+07,"Summer",22.9,8,51,16,31.4,0.7,0.44,6.6,1.4,18,11,7,43.8,9,1,19,16,34,9,0,1139,1460,78,11,7.7,8,3.3
"Premier League",2021,"Raphael Varane","Defender",27,"LaLiga",4e+07,"Summer",30.2,2,17,4,23.5,0.13,0.5,2.8,-0.8,22,14,10,52.6,9,18,8,36,58,114,2,1591,1778,89.5,0,0.3,0.3,-0.3
"Premier League",2021,"Cristiano Ronaldo","Forward",35,"Serie A",1.7e+07,"Summer",31.1,29,160,61,38.1,1.96,0.38,27.7,1.3,6,3,3,20,12,3,8,5,11,15,1,838,1078,77.7,2,3.8,3.2,-1.8
"Premier League",2021,"Pape Matar Sarr","Midfielder",17,"Ligue 1",16900000,"Summer",17.7,3,31,8,25.8,0.45,0.38,1.1,1.9,45,29,20,52.6,18,4,20,27,72,16,0,794,937,84.7,0,0.5,0.7,-0.5
"Premier League",2021,"Rodrigo Bentancur","Midfielder",23,"Serie A",1.9e+07,"Winter",25.8,0,15,5,33.3,0.19,0,0.6,-0.6,63,33,20,33.9,39,12,23,47,110,46,1,1643,1851,88.8,4,2.3,1.8,1.7
"Premier League",2021,"Ben White","Defender",22,"Premier League",58500000,"Summer",35.5,0,10,1,10,0.03,0,0.5,-0.5,49,26,24,42.1,33,22,24,62,111,56,0,1491,1812,82.3,0,0.9,2.2,-0.9
"Premier League",2021,"Takehiro Tomiyasu","Defender",21,"Serie A",18600000,"Summer",30.2,2,16,4,25,0.13,0.5,2.1,-0.1,47,31,21,61.8,13,19,18,54,101,106,0,1366,1677,81.5,0,0.4,0.9,-0.4
"Championship",2021,"Boubakary Soumare","Midfielder",21,"Ligue 1",2e+07,"Summer",21.3,0,8,3,37.5,0.14,0,0.3,-0.3,44,29,14,48.3,15,6,8,39,83,21,0,1350,1556,86.8,1,0.9,1.2,0.1
"Championship",2021,"Jannik Vestergaard","Defender",27,"Premier League",17600000,"Summer",28.6,3,23,8,34.8,0.28,0.38,1.5,1.5,50,31,35,67.3,17,16,13,42,92,122,0,1476,1775,83.2,0,0.5,0.8,-0.5
"Premier League",2021,"Leon Bailey","Forward",22,"Bundesliga",3.2e+07,"Summer",23.8,9,58,21,36.2,0.88,0.43,6.2,2.8,14,8,4,26.7,11,0,13,9,23,3,0,668,962,69.4,8,6,6.6,2
"Premier League",2021,"Danny Ings","Forward",28,"Premier League",29400000,"Summer",24.1,12,55,24,43.6,0.99,0.42,8.5,3.5,22,13,12,42.9,16,2,37,3,25,27,1,337,527,63.9,4,2.1,1.3,1.9
"Premier League",2021,"Demarai Gray","Forward",24,"Bundesliga",2e+06,"Summer",4.9,1,15,7,46.7,1.43,0.14,1.4,-0.4,3,2,1,100,0,0,3,4,7,3,0,118,176,67,2,0.9,0.6,1.1
"Premier League",2021,"Kurt Zouma","Defender",25,"Premier League",3.5e+07,"Summer",22.5,5,27,12,44.4,0.53,0.42,2,3,16,10,4,50,4,9,4,28,44,93,0,1616,1781,90.7,0,0.1,0.6,-0.1
"Premier League",2021,"Marc Cucurella","Defender",22,"LaLiga",1.8e+07,"Summer",36,3,26,8,30.8,0.22,0.38,1.9,1.1,64,51,25,37.9,41,4,41,40,104,27,0,923,1351,68.3,2,3.6,3.2,-1.6
"Premier League",2021,"Bruno Guimaraes","Midfielder",22,"Ligue 1",42100000,"Winter",19.5,3,25,12,48,0.62,0.17,2.6,0.4,76,34,30,46.9,34,4,20,14,90,13,0,1303,1460,89.2,1,2.1,2.3,-1.1
"Premier League",2021,"Chris Wood","Forward",28,"Premier League",3e+07,"Winter",30.5,12,68,37,54.4,1.21,0.27,13,-1,12,7,5,27.8,13,3,11,1,13,21,0,425,663,64.1,3,1.9,1.2,1.1
"Premier League",2021,"Dan Burn","Defender",28,"Premier League",1.5e+07,"Winter",22.9,1,17,6,35.3,0.26,0.17,1.5,-0.5,50,26,27,50.9,26,7,23,31,81,75,0,954,1280,74.5,0,0.8,1,-0.8
"Premier League",2021,"Kieran Trippier","Defender",29,"LaLiga",1.4e+07,"Winter",27.5,0,3,1,33.3,0.04,0,0.1,-0.1,61,39,26,50,26,4,18,40,101,58,1,1406,1821,77.2,6,3.6,3.9,2.4
"Championship",2021,"Daniel James","Forward",22,"Premier League",29100000,"Summer",10.1,3,17,6,35.3,0.59,0.5,2.2,0.8,15,9,3,16.7,15,1,9,0,15,6,0,238,312,76.3,1,0.9,0.8,0.1
"Championship",2021,"Junior Firpo","Defender",23,"LaLiga",1.5e+07,"Summer",3.2,1,1,1,100,0.31,1,0.7,0.3,1,1,0,0,1,3,2,4,5,7,0,202,229,88.2,1,0.8,0.5,0.2
"Championship",2021,"Romain Perraud","Defender",22,"Ligue 1",1.2e+07,"Summer",34.9,3,45,12,26.7,0.34,0.25,2.7,0.3,60,34,24,53.3,21,3,33,45,105,76,0,1588,2040,77.8,7,3.6,3.9,3.4
"Championship",2021,"Lyanco","Defender",23,"Serie A",7500000,"Summer",21.8,0,12,3,25,0.14,0,1,-1,21,14,8,57.1,6,26,10,46,67,76,0,1079,1263,85.4,0,0.5,0.4,-0.5
"Premier League",2021,"Yoane Wissa","Forward",23,"Ligue 1",1e+07,"Summer",29.7,10,52,19,36.5,0.64,0.32,12.1,-2.1,35,20,11,32.4,23,3,22,20,55,14,0,549,747,73.5,4,3.5,2.7,0.5
"Premier League",2021,"Jean-Philippe Mateta","Forward",23,"Bundesliga",1.1e+07,"Winter",11.1,7,28,13,46.4,1.17,0.46,8.6,-1.6,6,3,0,0,3,1,2,4,10,6,0,168,238,70.6,1,1.4,0.7,-0.4
"Championship",2021,"Pierre Lees-Melou","Midfielder",27,"Ligue 1",3900000,"Summer",22.9,4,42,12,28.6,0.52,0.25,4.7,-0.7,67,39,25,30.1,58,14,36,29,96,31,1,1019,1198,85.1,2,0.8,1.2,1.2
"Championship",2021,"Imran Louza","Midfielder",21,"Ligue 1",1e+07,"Summer",26.4,7,31,9,29,0.34,0.22,5.8,1.2,55,28,21,30.4,48,4,16,33,88,15,2,1028,1322,77.8,2,1.8,2.6,0.2
"Championship",2021,"Moussa Sissoko","Midfielder",30,"Premier League",3500000,"Summer",17.6,0,3,1,33.3,0.06,0,0.2,-0.2,22,16,8,40,12,4,7,23,45,25,0,679,811,83.7,0,0.1,0.3,-0.1
"Championship",2021,"Hassane Kamara","Defender",26,"Ligue 1",4e+06,"Winter",32.9,2,27,4,14.8,0.12,0.5,1.4,0.6,65,39,27,55.1,22,12,27,55,120,61,1,1581,1952,81,1,2.5,2.9,-1.5
"Championship",2021,"Samuel Kalu","Forward",22,"Ligue 1",3e+06,"Winter",10.7,4,25,8,32,0.75,0.5,1.8,2.2,21,12,4,30.8,9,0,14,9,30,2,0,216,301,71.8,1,0.6,0.5,0.4
"Premier League",2021,"Maxwel Cornet","Forward",23,"Ligue 1",1.5e+07,"Summer",27.2,2,21,11,52.4,0.4,0.18,2.1,-0.1,70,41,33,56.9,25,5,18,43,113,47,2,1331,1715,77.6,5,3.5,3,1.5
"Premier League",2021,"Wout Weghorst","Forward",27,"Bundesliga",17500000,"Winter",32.7,20,90,43,47.8,1.32,0.42,17,3,13,8,4,20,16,3,14,4,17,26,0,523,797,65.6,8,5.2,4,2.8
"Premier League",2022,"Erling Haaland","Forward",21,"Bundesliga",6e+07,"Summer",21.2,22,74,31,41.9,1.46,0.52,17.9,4.1,2,1,0,0,1,1,7,1,3,31,0,331,476,69.5,8,5.4,5,2.6
"Premier League",2022,"Kalvin Phillips","Midfielder",25,"Premier League",4.9e+07,"Summer",17.7,0,15,3,20,0.17,0,0.7,-0.7,54,25,24,42.1,33,9,28,24,78,18,0,786,971,80.9,1,0.7,0.6,0.3
"Premier League",2022,"Manuel Akanji","Defender",26,"Bundesliga",2e+07,"Summer",25.1,1,13,3,23.1,0.12,0.33,1.9,-0.9,33,23,22,68.8,10,15,11,35,68,58,0,1819,2013,90.4,0,0.1,0.7,-0.1
"Premier League",2022,"Gabriel Jesus","Forward",24,"Premier League",52200000,"Summer",20.9,8,63,20,31.7,0.96,0.35,9.8,-1.8,18,12,6,23.1,20,0,18,15,33,8,0,637,770,82.7,8,5.7,3.5,2.3
"Premier League",2022,"Oleksandr Zinchenko","Defender",24,"Premier League",3.5e+07,"Summer",11.6,0,12,4,33.3,0.34,0,0.5,-0.5,20,14,11,55,9,3,8,14,34,15,1,953,1073,88.8,4,2.7,2.5,1.3
"Premier League",2022,"Jakub Kiwior","Defender",21,"Serie A",2.5e+07,"Winter",21.8,0,8,4,50,0.18,0,0.4,-0.4,50,27,26,45.6,31,15,23,40,90,53,0,539,695,77.6,0,0.9,0.2,-0.9
"Premier League",2022,"Leandro Trossard","Forward",26,"Premier League",2.4e+07,"Winter",31.2,8,73,26,35.6,0.83,0.27,6.7,1.3,34,20,4,12.9,27,4,29,15,49,10,0,898,1188,75.6,3,4.8,4.9,-1.8
"Premier League",2022,"Jorginho","Midfielder",29,"Premier League",11300000,"Winter",25.3,6,9,2,22.2,0.08,0,5.8,0.2,64,33,29,34.9,54,4,23,36,100,21,1,1681,1887,89.1,2,2.7,1.9,-0.7
"Premier League",2022,"Wesley Fofana","Defender",20,"Premier League",80400000,"Summer",7,0,3,1,33.3,0.14,0,0.4,-0.4,12,8,7,63.6,4,2,3,12,24,26,1,470,528,89,0,0,0.1,0
"Premier League",2022,"Marc Cucurella","Defender",23,"Premier League",65300000,"Summer",34.3,1,18,3,16.7,0.09,0.33,0.7,0.3,93,62,44,62,27,14,28,30,123,74,0,1890,2356,80.2,1,2.7,2.8,-1.7
"Premier League",2022,"Raheem Sterling","Forward",26,"Premier League",56200000,"Summer",23.6,13,54,25,46.3,1.06,0.44,14,-1,23,10,10,43.5,13,0,12,12,35,3,0,714,880,81.1,5,5.5,4.6,-0.5
"Premier League",2022,"Kalidou Koulibaly","Defender",30,"Serie A",3.8e+07,"Summer",26.7,3,10,7,70,0.26,0.43,1.3,1.7,39,23,25,65.8,13,25,16,29,68,90,1,1429,1652,86.5,1,1.3,0.4,-0.3
"Premier League",2022,"Carney Chukwuemeka","Midfielder",17,"Premier League",1.8e+07,"Summer",3.3,0,4,1,25,0.3,0,0.6,-0.6,7,1,3,60,2,0,3,1,8,2,1,98,121,81,1,1,0.6,0
"Premier League",2022,"Pierre-Emerick Aubameyang","Forward",32,"LaLiga",1.2e+07,"Summer",12,11,37,20,54.1,1.66,0.55,7.8,3.2,2,2,0,0,5,1,8,2,4,4,0,176,238,73.9,1,1.1,0.6,-0.1
"Premier League",2022,"Casemiro","Midfielder",29,"LaLiga",70650000,"Summer",28.5,1,41,9,22,0.32,0.11,2.5,-1.5,79,51,30,44.8,37,19,46,38,117,65,3,1695,1989,85.2,3,2.8,2.9,0.2
"Premier League",2022,"Richarlison","Forward",24,"Premier League",5.8e+07,"Summer",28,10,69,20,29,0.71,0.35,9.2,0.8,40,23,15,48.4,16,4,38,12,52,34,0,339,568,59.7,5,3.6,2.1,1.4
"Premier League",2022,"Yves Bissouma","Midfielder",24,"Premier League",29200000,"Summer",23.5,1,21,5,23.8,0.21,0.2,0.9,0.1,76,49,21,56.8,16,3,30,50,126,49,0,1061,1193,88.9,2,0.8,0.7,1.2
"Premier League",2022,"Destiny Udogie","Defender",18,"Serie A",1.8e+07,"Summer",27.5,5,27,12,44.4,0.44,0.42,4.4,0.6,64,40,33,55,27,6,33,27,91,42,0,701,888,78.9,3,2.3,1.3,0.7
"Premier League",2022,"Alexander Isak","Forward",21,"LaLiga",7e+07,"Summer",23.8,6,71,33,46.5,1.39,0.12,9.8,-3.8,7,4,2,16.7,10,2,12,3,10,10,0,316,440,71.8,2,3.2,3.1,-1.2
"Premier League",2022,"Sven Botman","Defender",21,"Ligue 1",3.7e+07,"Summer",25,3,15,5,33.3,0.2,0.6,1.6,1.4,24,11,12,66.7,6,21,11,26,50,116,0,1340,1525,87.9,1,0.2,0.5,0.8
"Premier League",2022,"Matt Targett","Defender",25,"Premier League",17500000,"Summer",15.9,1,7,2,28.6,0.13,0.5,0.5,0.5,34,18,24,53.3,21,9,7,23,57,35,0,592,823,71.9,1,1.7,1.6,-0.7
"Premier League",2022,"Anthony Gordon","Forward",20,"Premier League",45600000,"Winter",25.4,4,44,18,40.9,0.71,0.22,3.5,0.5,54,32,21,35.6,38,3,46,22,76,17,0,482,743,64.9,2,3.8,3.1,-1.8
"Premier League",2022,"Pervis Estupinan","Defender",23,"LaLiga",17800000,"Summer",17.5,0,14,4,28.6,0.23,0,0.8,-0.8,36,22,17,70.8,7,5,8,25,61,29,2,820,1061,77.3,1,2.5,2.1,-1.5
"Premier League",2022,"Diego Carlos","Defender",28,"LaLiga",3.1e+07,"Summer",32.9,3,30,10,33.3,0.3,0.3,2.1,0.9,35,24,16,66.7,8,33,15,24,59,120,5,1916,2195,87.3,0,0.2,1,-0.2
"Premier League",2022,"Philippe Coutinho","Midfielder",29,"LaLiga",2e+07,"Summer",5.6,2,23,6,26.1,1.07,0.17,3.1,-1.1,6,3,3,27.3,8,0,3,4,10,3,0,268,325,82.5,0,0.3,1.4,-0.3
"Premier League",2022,"Leander Dendoncker","Midfielder",26,"Premier League",1.5e+07,"Summer",21.7,2,23,10,43.5,0.46,0.2,2.2,-0.2,42,17,22,44,28,10,27,9,51,38,1,709,822,86.3,2,1.1,0.4,0.9
"Premier League",2022,"Alex Moreno","Defender",28,"LaLiga",13500000,"Winter",26.7,5,27,8,29.6,0.3,0.63,3.8,1.2,76,40,33,55,27,6,22,34,110,82,1,1016,1389,73.1,3,1.9,2,1.1
"Premier League",2022,"Goncalo Guedes","Forward",24,"LaLiga",32600000,"Summer",29,11,67,24,35.8,0.83,0.42,6.4,4.6,21,14,2,9.1,20,0,14,9,30,1,0,563,878,64.1,6,4,4.8,2
"Premier League",2022,"Sasa Kalajdzic","Forward",24,"Bundesliga",1.8e+07,"Summer",13.6,6,36,13,36.1,0.96,0.38,6.6,-0.6,10,6,3,27.3,8,0,5,2,12,14,0,255,369,69.1,1,2.5,1.2,-1.5
"Premier League",2022,"Mario Lemina","Midfielder",27,"Ligue 1",1.1e+07,"Winter",21.9,2,16,4,25,0.18,0.5,2,0,62,35,28,73.7,10,9,23,48,110,37,0,1028,1178,87.3,0,0.4,0.6,-0.4
"Premier League",2022,"Pablo Sarabia","Forward",29,"Ligue 1",5e+06,"Winter",0.2,1,1,1,100,4.09,1,1,0,0,0,0,0,1,0,0,0,0,0,0,13,20,65,0,0,0,0
"Premier League",2022,"Craig Dawson","Defender",31,"Premier League",3750000,"Winter",30.6,2,25,5,20,0.16,0.4,3,-1,29,17,14,56,11,52,7,29,58,139,0,1035,1285,80.5,2,1,1,1
"Championship",2022,"Wout Faes","Defender",23,"Ligue 1",1.7e+07,"Summer",37,4,22,9,40.9,0.24,0.44,2.1,1.9,40,24,25,75.8,8,37,10,53,93,169,2,1254,1472,85.2,0,0.2,0.7,-0.2
"Premier League",2022,"Lucas Paqueta","Midfielder",23,"Ligue 1",42950000,"Summer",30,9,86,33,38.4,1.1,0.24,9.8,-0.8,68,38,17,33.3,34,5,38,9,77,22,0,1241,1586,78.2,6,4.5,4.9,1.5
"Premier League",2022,"Nayef Aguerd","Defender",25,"Ligue 1",3.5e+07,"Summer",30.4,2,25,7,28,0.23,0.29,2.1,-0.1,27,18,14,58.3,10,14,10,24,51,127,1,1959,2204,88.9,2,0.3,0.3,1.7
"Premier League",2022,"Gianluca Scamacca","Forward",22,"Serie A",28500000,"Summer",23.8,16,78,36,46.2,1.51,0.42,11,5,19,14,5,23.8,16,1,15,5,24,22,1,399,550,72.5,0,1.9,1,-1.9
"Premier League",2022,"Thilo Kehrer","Defender",24,"Ligue 1",1.2e+07,"Summer",16.8,2,9,4,44.4,0.24,0.5,1,1,21,14,9,42.9,12,11,8,24,45,29,0,1142,1209,94.5,0,0,0.3,0
"Premier League",2022,"Danny Ings","Forward",29,"Premier League",1.2e+07,"Winter",21.1,7,48,17,35.4,0.81,0.35,7.1,-0.1,23,16,13,35.1,24,2,29,6,29,22,0,251,378,66.4,6,1.6,0.9,4.4
"Championship",2022,"Duje Caleta-Car","Defender",24,"Ligue 1",8e+06,"Summer",22.9,2,12,4,33.3,0.18,0.5,1.8,0.2,21,8,11,78.6,3,7,4,24,45,55,2,1668,1820,91.6,0,0.6,0.8,-0.6
"Championship",2022,"Kamaldeen Sulemana","Forward",19,"Ligue 1",2.5e+07,"Winter",11.3,4,26,8,30.8,0.71,0.5,2.3,1.7,23,12,10,58.8,7,1,9,4,27,5,0,266,350,76,2,1.9,1.7,0.1
"Premier League",2022,"Amadou Onana","Midfielder",19,"Ligue 1",3.5e+07,"Summer",15.1,1,15,6,40,0.4,0.17,2.6,-1.6,48,31,18,72,7,3,7,30,78,19,0,516,623,82.8,0,1.1,1.7,-1.1
"Premier League",2022,"Neal Maupay","Forward",24,"Premier League",11800000,"Summer",25.3,8,59,14,23.7,0.55,0.5,8.7,-0.7,17,10,4,22.2,14,2,19,2,19,2,0,479,622,77,2,2.4,2,-0.4
"Premier League",2022,"Taiwo Awoniyi","Forward",23,"Bundesliga",20500000,"Summer",24.2,15,65,30,46.2,1.24,0.43,13.6,1.4,11,7,1,11.1,8,2,9,2,13,29,0,313,474,66,1,2.4,1.9,-1.4
"Premier League",2022,"Orel Mangala","Midfielder",23,"Bundesliga",1.3e+07,"Summer",20.6,1,17,8,47.1,0.39,0.13,2.1,-1.1,17,10,11,50,11,4,7,12,29,19,1,655,793,82.6,3,2.4,1.2,0.6
"Premier League",2022,"Moussa Niakhate","Defender",25,"Bundesliga",1e+07,"Summer",28.5,4,10,3,30,0.11,0.67,3.9,0.1,40,23,20,60.6,13,11,26,50,90,69,1,1206,1611,74.9,0,0.5,1.3,-0.5
"Premier League",2022,"Giulian Biancone","Defender",21,"Ligue 1",1e+07,"Summer",25.5,1,28,9,32.1,0.35,0.11,1.7,-0.7,70,42,40,58,29,8,15,53,123,71,1,939,1279,73.4,2,1,1.3,1
"Premier League",2022,"Remo Freuler","Midfielder",29,"Serie A",9e+06,"Summer",26.3,1,20,6,30,0.23,0.17,1.4,-0.4,69,39,30,42.9,40,8,40,35,104,26,1,1486,1728,86,3,1.3,2.6,1.7
"Premier League",2022,"Willy Boly","Defender",30,"Premier League",2600000,"Summer",10,0,2,1,50,0.1,0,0.2,-0.2,25,19,8,53.3,7,6,8,14,39,35,0,468,558,83.9,0,0.1,0.1,-0.1
"Premier League",2022,"Jonjo Shelvey","Midfielder",29,"Premier League",6500000,"Winter",22,2,30,14,46.7,0.64,0.14,0.9,1.1,30,17,14,41.2,20,7,15,22,52,20,2,743,948,78.4,1,1,1.5,0
"Premier League",2022,"Felipe","Defender",32,"LaLiga",2300000,"Winter",16.7,2,11,4,36.4,0.24,0.5,0.7,1.3,20,15,8,44.4,10,11,6,28,48,77,0,632,780,81,1,0.4,0.6,0.6
"Premier League",2022,"Mikkel Damsgaard","Forward",21,"Serie A",1.5e+07,"Summer",6.4,0,11,2,18.2,0.31,0,0.6,-0.6,27,13,20,55.6,16,1,15,7,34,7,0,196,264,74.2,0,0.5,0.7,-0.5
"Premier League",2022,"Aaron Hickey","Defender",19,"Serie A",14250000,"Summer",31.3,5,21,13,61.9,0.41,0.38,0.9,4.1,46,29,20,66.7,10,13,23,29,75,44,0,1032,1289,80.1,1,1.8,1.4,-0.8
"Championship",2022,"Georginio Rutter","Forward",19,"Bundesliga",2.8e+07,"Winter",17.9,8,52,21,40.4,1.17,0.38,7,1,18,13,6,35.3,11,1,28,6,24,11,1,198,319,62.1,2,4.2,2.9,-2.2
"Premier League",2022,"Cheick Doucoure","Midfielder",21,"Ligue 1",22600000,"Summer",32.7,1,31,11,35.5,0.34,0.09,1.6,-0.6,75,43,35,44.3,44,7,23,68,143,24,0,1656,1904,87,4,3.6,2.9,0.4
"Premier League",2022,"Issa Diop","Defender",24,"Premier League",17800000,"Summer",10.7,0,2,2,100,0.19,0,0.1,-0.1,10,8,4,36.4,7,13,1,7,17,44,0,407,478,85.1,1,0.4,0.6,0.6
"Premier League",2022,"Sasa Lukic","Midfielder",24,"Serie A",9800000,"Winter",33.1,5,29,7,24.1,0.21,0.29,4.7,0.3,51,34,19,44.2,24,6,28,24,75,41,0,1512,1741,86.8,4,4,3.4,0
"Premier League",2022,"Dango Ouattara","Forward",19,"Ligue 1",22500000,"Winter",9,1,24,8,33.3,0.89,0.13,2.1,-1.1,21,15,11,47.8,12,1,9,14,35,15,1,170,279,60.9,2,1.4,1.3,0.6
"Serie A",2019,"Danilo","Defender",27,"Premier League",3.7e+07,"Summer",9,1,14,3,21.4,0.33,0.33,0.4,0.6,20,16,12,70.6,5,0,5,15,35,22,1,762,880,86.6,0,0.2,0.7,-0.2
"Serie A",2019,"Cristian Romero","Defender",20,"Serie A",31500000,"Summer",26,2,20,7,35,0.27,0.29,1.9,0.1,61,35,27,67.5,13,27,22,37,98,128,1,660,821,80.4,2,0.5,0.5,1.5
"Serie A",2019,"Merih Demiral","Defender",20,"Serie A",19500000,"Summer",14,2,7,3,42.9,0.21,0.67,0.8,1.2,24,16,10,76.9,3,11,5,19,43,80,0,619,714,86.7,0,0.2,0.4,-0.2
"Serie A",2019,"Dejan Kulusevski","Forward",18,"Serie A",3.5e+07,"Winter",1.2,0,2,1,50,0.86,0,0.1,-0.1,3,3,1,33.3,2,0,1,0,3,0,0,43,62,69.4,0,0,0.1,0
"Serie A",2019,"Romelu Lukaku","Forward",25,"Premier League",7.4e+07,"Summer",23.7,12,55,32,58.2,1.35,0.38,10.5,1.5,8,4,2,20,8,1,11,2,10,19,0,359,581,61.8,0,2.2,2.9,-2.2
"Serie A",2019,"Valentino Lazaro","Midfielder",22,"Bundesliga",22400000,"Summer",30.5,3,20,8,40,0.26,0.38,2.1,0.9,46,31,21,39.6,32,12,40,44,90,65,0,1179,1634,72.2,6,6.4,5.8,-0.4
"Serie A",2019,"Christian Eriksen","Midfielder",26,"Premier League",2.7e+07,"Winter",30.8,8,83,28,33.7,0.91,0.29,5.4,2.6,41,25,17,28.8,42,3,23,15,56,13,0,1560,2009,77.7,12,7.4,7.7,4.6
"Serie A",2019,"Ashley Young","Defender",33,"Premier League",1700000,"Winter",28.5,2,12,3,25,0.11,0.67,0.5,1.5,52,32,20,51.3,19,10,26,55,107,74,0,1369,1896,72.2,2,3.1,3.7,-1.1
"Serie A",2019,"Stanislav Lobotka","Midfielder",23,"LaLiga",2.1e+07,"Winter",27.7,0,11,2,18.2,0.07,0,0.9,-0.9,30,19,9,28.1,23,1,14,26,56,18,1,1257,1418,88.6,1,0.9,1.3,0.1
"Serie A",2019,"Andrea Petagna","Forward",23,"Serie A",16600000,"Winter",33.7,16,83,35,42.2,1.04,0.29,13.5,2.5,15,6,2,22.2,7,8,15,4,19,15,0,600,776,77.3,1,2.2,1.9,-1.2
"Serie A",2019,"Diego Demme","Midfielder",26,"Bundesliga",10250000,"Winter",22.8,0,10,3,30,0.13,0,0.4,-0.4,75,47,33,49.3,34,3,33,26,101,15,0,1214,1531,79.3,2,2.7,2.6,-0.7
"Serie A",2019,"Rafael Leao","Forward",19,"Ligue 1",49500000,"Summer",14.3,8,37,20,54.1,1.4,0.4,4.3,3.7,5,2,2,13.3,13,4,9,4,9,12,0,177,252,70.2,3,1.7,1.1,1.3
"Serie A",2019,"Amadou Diawara","Midfielder",21,"Serie A",2.1e+07,"Summer",7.3,0,10,1,10,0.14,0,0.4,-0.4,12,4,4,80,1,0,6,11,23,12,0,504,545,92.5,0,0.2,0.2,-0.2
"Serie A",2019,"Manuel Lazzari","Midfielder",24,"Serie A",1.5e+07,"Summer",31.5,0,34,5,14.7,0.16,0,1.4,-1.4,29,17,13,54.2,11,5,21,20,49,51,1,1092,1463,74.6,8,5.9,5,2.1
"Serie A",2019,"Erick Pulgar","Midfielder",24,"Serie A",12300000,"Summer",26.2,6,29,5,17.2,0.19,0.2,5,1,65,36,22,30.1,51,5,30,50,115,54,1,1243,1583,78.5,2,3.8,3.7,-1.8
"Serie A",2019,"Kevin-Prince Boateng","Midfielder",31,"Serie A",1500000,"Summer",10.4,4,27,10,37,0.96,0.2,3.8,0.2,5,4,1,25,3,3,4,3,8,13,0,249,315,79,1,0.8,0.7,0.2
"Serie A",2019,"Luis Muriel","Forward",27,"LaLiga",21200000,"Summer",1.4,1,4,1,25,0.73,1,0.2,0.8,0,0,0,0,6,0,3,0,0,1,0,36,47,76.6,1,0.1,0.1,0.9
"Serie A",2019,"Pedro Obiang","Midfielder",26,"Premier League",7500000,"Summer",12.5,0,15,1,6.7,0.08,0,0.6,-0.6,41,23,18,41.9,25,9,18,12,53,18,0,432,546,79.1,1,1,0.7,0
"Serie A",2019,"Lukas Lerager","Midfielder",25,"Ligue 1",6e+06,"Summer",14.4,0,11,3,27.3,0.21,0,0.5,-0.5,38,21,18,41.9,25,10,12,32,70,26,1,520,658,79,1,0.5,1,0.5
"Serie A",2019,"Andrea Masiello","Defender",32,"Serie A",100,"Winter",20.4,0,8,1,12.5,0.05,0,1.4,-1.4,28,14,17,58.6,12,6,15,44,72,49,0,1133,1301,87.1,2,0.6,0.5,1.4
"Serie B",2019,"Matteo Darmian","Defender",28,"Premier League",2480000,"Summer",4.9,0,1,1,100,0.2,0,0,0,14,8,4,36.4,7,0,9,7,21,20,0,180,212,84.9,0,0.1,0.3,-0.1
"Serie A",2020,"Andrea Pinamonti","Forward",20,"Serie A",2.1e+07,"Summer",24.8,5,49,14,28.6,0.56,0.29,6,-1,19,12,5,20,20,2,17,9,28,25,0,414,599,69.1,1,0.7,1.2,0.3
"Serie A",2020,"Aleksandar Kolarov","Defender",33,"Serie A",1500000,"Summer",30.4,7,68,17,25,0.56,0.29,6.7,0.3,37,28,20,54.1,17,9,11,31,68,57,0,1445,1823,79.3,3,5.1,4.4,-2.1
"Serie A",2020,"Arturo Vidal","Midfielder",32,"LaLiga",1e+06,"Summer",18.6,8,25,14,56,0.75,0.57,5.2,2.8,63,38,24,41.4,34,7,24,17,80,16,1,1090,1247,87.4,2,2.9,2.4,-0.9
"Serie A",2020,"Arthur Melo","Midfielder",22,"LaLiga",80600000,"Summer",13.1,3,8,5,62.5,0.38,0.6,1.3,1.7,15,10,4,33.3,8,0,9,4,19,5,2,942,1043,90.3,3,1.7,1.4,1.3
"Serie A",2020,"Rolando Mandragora","Midfielder",22,"Serie A",1.5e+07,"Summer",22.8,0,55,8,14.5,0.35,0,3.6,-3.6,47,24,15,27.3,40,5,25,26,73,25,0,789,971,81.3,2,3.6,2.3,-1.6
"Serie A",2020,"Victor Osimhen","Forward",20,"Ligue 1",7.5e+07,"Summer",25.4,13,83,32,38.6,1.26,0.34,15.5,-2.5,8,4,1,9.1,10,0,8,11,19,32,0,219,374,58.6,4,2.9,1.6,1.1
"Serie A",2020,"Simone Muratore","Midfielder",21,"Serie A",7e+06,"Summer",1.8,0,4,2,50,1.09,0,0.1,-0.1,2,0,1,33.3,2,0,1,3,5,0,0,124,137,90.5,0,0.1,0.2,-0.1
"Serie A",2020,"Carles Perez","Forward",21,"LaLiga",1.3e+07,"Summer",5.3,1,14,6,42.9,1.13,0.17,1,0,7,4,3,20,12,2,3,1,8,1,0,228,286,79.7,2,0.3,0.7,1.7
"Serie A",2020,"Christian Kouame","Forward",21,"Serie A",15500000,"Summer",10.2,5,22,9,40.9,0.89,0.56,1.8,3.2,2,1,0,0,8,2,6,1,3,13,0,176,242,72.7,2,1,1.1,1
"Serie A",2020,"Alfred Duncan","Midfielder",26,"Serie A",1.5e+07,"Summer",9.4,1,16,3,18.8,0.32,0.33,1.1,-0.1,19,12,6,37.5,10,0,7,9,28,13,0,375,474,79.1,5,1.1,1,3.9
"Serie A",2020,"Karol Linetty","Midfielder",24,"Serie A",7500000,"Summer",22.4,4,32,9,28.1,0.4,0.44,1.8,2.2,61,32,21,32.3,44,3,23,26,87,17,0,589,762,77.3,3,2.2,1.9,0.8
"Serie A",2020,"Fernando Llorente","Forward",34,"Serie A",500,"Winter",5.6,3,33,11,33.3,1.98,0.27,4.8,-1.8,0,0,0,0,1,0,4,1,1,3,0,124,154,80.5,1,0.8,0.5,0.2
"Serie A",2020,"Adrien Tameze","Midfielder",25,"Ligue 1",3900000,"Summer",5.8,1,5,1,20,0.17,1,0.8,0.2,6,2,4,25,12,2,5,7,13,1,1,195,230,84.8,0,0.4,0.6,-0.4
"Serie A",2020,"Mattia Bani","Defender",25,"Serie A",5e+06,"Summer",24.5,4,16,7,43.8,0.29,0.57,3.7,0.3,47,28,25,69.4,11,15,14,52,99,92,2,936,1169,80.1,0,0.1,0.2,-0.1
"Serie A",2021,"Dusan Vlahovic","Forward",20,"Serie A",83500000,"Winter",32.5,21,80,33,41.3,1.02,0.45,18.5,2.5,13,4,5,31.3,11,2,14,4,17,15,0,394,616,64,3,2.2,1,0.8
"Serie A",2021,"Denis Zakaria","Midfielder",23,"Bundesliga",10880000,"Winter",15.8,1,11,2,18.2,0.13,0.5,1.5,-0.5,30,15,11,55,9,7,13,23,53,29,1,564,647,87.2,1,1.1,0.7,-0.1
"Serie A",2021,"Edin Dzeko","Forward",34,"Serie A",2800000,"Summer",20.3,7,69,24,34.8,1.18,0.29,13.2,-6.2,8,6,3,33.3,6,4,5,1,9,11,0,338,512,66,3,2.2,1.8,0.8
"Serie A",2021,"Yacine Adli","Midfielder",20,"Ligue 1",8500000,"Summer",26.9,2,24,9,37.5,0.33,0.22,1.9,0.1,74,37,35,38,57,2,25,39,113,17,2,1327,1631,81.4,5,4.4,3,0.6
"Serie A",2021,"Olivier Giroud","Forward",33,"Premier League",2850000,"Summer",8.3,4,29,10,34.5,1.2,0.4,4.2,-0.2,4,2,1,14.3,6,1,3,5,9,10,0,157,223,70.4,0,1.1,0.3,-1.1
"Serie A",2021,"Tammy Abraham","Forward",22,"Premier League",4.1e+07,"Summer",11.6,6,32,13,40.6,1.13,0.46,5.9,0.1,7,5,1,14.3,6,0,6,5,12,17,0,149,211,70.6,1,0.7,0.2,0.3
"Serie A",2021,"Eldor Shomurodov","Forward",25,"Serie A",1.8e+07,"Summer",18.6,8,39,17,43.6,0.91,0.47,5.7,2.3,28,14,9,24.3,28,2,15,6,34,11,0,329,483,68.1,1,1.9,1.2,-0.9
"Serie A",2021,"Nicolas Gonzalez","Forward",22,"Bundesliga",24500000,"Summer",10.4,6,45,9,20,0.87,0.33,7.4,-1.4,5,5,0,0,6,3,7,4,9,6,0,147,243,60.5,2,2,1.1,0
"Serie A",2021,"Jonathan Ikone","Forward",22,"Ligue 1",15400000,"Winter",24.2,4,46,11,23.9,0.45,0.27,4.3,-0.3,18,12,9,40.9,13,1,15,7,25,9,0,608,760,80,5,2.9,2.1,2.1
"Serie A",2021,"Toma Basic","Midfielder",23,"Ligue 1",7100000,"Summer",28.9,4,45,17,37.8,0.59,0.24,4.6,-0.6,33,22,16,27.6,42,5,16,32,65,42,1,1048,1289,81.3,1,2.5,2.2,-1.5
"Serie A",2021,"Kevin Lasagna","Forward",27,"Serie A",6500000,"Summer",12.3,2,41,12,29.3,0.98,0.17,7.4,-5.4,6,1,3,21.4,11,0,11,6,12,7,0,144,212,67.9,1,1,0.8,0
"Serie A",2021,"Brandon Soppy","Midfielder",18,"Ligue 1",2e+06,"Summer",6.2,0,5,1,20,0.16,0,0.2,-0.2,21,15,10,62.5,6,0,3,6,27,12,0,321,407,78.9,0,0.2,0.8,-0.2
"Serie A",2021,"Lorenzo Tonelli","Defender",30,"Serie A",2400000,"Summer",19.8,1,13,2,15.4,0.1,0.5,2,-1,33,18,10,47.6,11,14,7,25,58,94,1,742,913,81.3,0,0,0.1,0
"Serie A",2021,"Ardian Ismajli","Defender",23,"Serie A",2e+06,"Summer",14.4,1,6,1,16.7,0.07,1,0.7,0.3,19,9,8,61.5,5,7,3,23,42,52,1,639,737,86.7,1,0.6,0.1,0.4
"Serie A",2021,"Abdoulaye Toure","Midfielder",26,"Ligue 1",3500000,"Summer",18.7,2,26,4,15.4,0.21,0.25,2.6,-0.6,28,12,14,45.2,17,2,15,22,50,19,0,799,946,84.5,2,1.4,1.2,0.6
"Serie A",2021,"Felipe Caicedo","Forward",31,"Serie A",2e+06,"Summer",10.3,8,30,11,36.7,1.07,0.64,5.5,2.5,10,7,1,12.5,7,0,7,4,14,2,0,185,261,70.9,0,0.7,0.4,-0.7
"Serie A",2022,"Mathias Olivera","Defender",23,"LaLiga",16500000,"Summer",31.1,1,24,7,29.2,0.22,0.14,2.4,-1.4,79,47,40,58,29,4,41,55,134,67,1,1017,1430,71.1,3,2.4,1.9,0.6
"Serie A",2022,"Robin Gosens","Midfielder",27,"Serie A",27400000,"Summer",5.1,1,15,4,26.7,0.78,0.25,1.7,-0.7,7,3,4,50,4,0,4,9,16,1,0,212,261,81.2,0,0.4,0.4,-0.4
"Serie A",2022,"Filip Kostic","Midfielder",28,"Bundesliga",1.3e+07,"Summer",28,4,51,18,35.3,0.64,0.22,2.4,1.6,44,17,20,37.7,33,1,23,15,59,24,0,1007,1621,62.1,9,9.2,9.7,-0.2
"Serie A",2022,"Zeki Celik","Defender",24,"Ligue 1",7e+06,"Summer",30,2,23,3,13,0.1,0.67,1.1,0.9,64,37,36,57.1,27,9,23,43,107,62,2,1390,1755,79.2,3,1.8,2.8,1.2
"Serie A",2022,"Jeremie Boga","Forward",24,"Serie A",2.2e+07,"Summer",7.4,0,15,5,33.3,0.67,0,1,-1,7,4,2,66.7,1,0,3,2,9,1,1,216,266,81.2,2,0.8,0.7,1.2
"Serie A",2022,"Ederson","Midfielder",22,"Serie A",21400000,"Summer",12.7,2,21,9,42.9,0.71,0.22,2,0,29,18,14,53.8,12,2,9,19,48,8,0,297,370,80.3,1,1,0.5,0
"Serie A",2022,"Brandon Soppy","Midfielder",19,"Serie A",9100000,"Summer",8.6,0,6,2,33.3,0.23,0,0.4,-0.4,20,9,11,68.8,5,2,8,5,25,9,1,167,236,70.8,0,0.2,0.2,-0.2
"Serie A",2022,"Mattia Zaccagni","Forward",26,"Serie A",7100000,"Summer",2,2,3,2,66.7,1,0.5,1.1,0.9,3,1,1,50,1,0,1,4,7,0,0,56,70,80,0,1.1,1.3,-1.1
"Serie A",2022,"Antonin Barak","Midfielder",26,"Serie A",7860000,"Winter",26,11,47,20,42.6,0.77,0.35,8.9,2.1,18,8,5,29.4,12,5,27,6,24,26,0,876,1107,79.1,4,2.7,3.1,1.3
"Serie A",2022,"Abdelhamid Sabiri","Midfielder",24,"Serie A",2500000,"Winter",9.9,3,16,9,56.3,0.91,0.33,1.4,1.6,34,18,7,28,18,2,8,7,41,3,0,259,346,74.9,2,1.6,0.7,0.4
"Serie A",2022,"Armand Lauriente","Forward",22,"Ligue 1",10100000,"Summer",27.5,6,84,36,42.9,1.31,0.14,7.5,-1.5,33,18,11,36.7,19,2,25,15,48,3,0,553,710,77.9,2,4,4.1,-2
"Serie A",2022,"Janis Antiste","Forward",18,"Serie A",5680000,"Summer",8.8,1,11,2,18.2,0.23,0.5,1.4,-0.4,18,11,5,38.5,8,1,6,4,22,6,0,136,215,63.3,0,0.2,0.5,-0.2
"Serie A",2022,"Martin Erlic","Defender",23,"Serie A",3e+06,"Summer",28.6,2,15,3,20,0.1,0.67,3,-1,28,16,10,55.6,8,39,15,28,56,122,1,882,1101,80.1,0,0.4,0.3,-0.4
"Serie A",2022,"Samuele Ricci","Midfielder",19,"Serie A",8500000,"Summer",17,1,8,1,12.5,0.06,1,0.2,0.8,33,19,20,58.8,14,5,19,31,64,18,0,832,932,89.3,1,0.3,0.6,0.7
"Serie A",2022,"Leonardo Mancuso","Forward",29,"Serie A",2790000,"Summer",4.7,1,12,5,41.7,1.06,0.2,1.9,-0.9,1,1,0,0,6,0,2,1,2,2,0,51,77,66.2,0,0.3,0.2,-0.3
"Serie A",2022,"Giulio Maggiore","Midfielder",23,"Serie A",4500000,"Summer",31.3,2,42,8,19,0.26,0.25,4,-2,58,32,31,40.3,46,5,25,29,87,33,0,834,1123,74.3,3,2.4,1.9,0.6
"Serie B",2022,"Felix Afena-Gyan","Forward",18,"Serie A",6e+06,"Summer",7.4,2,17,7,41.2,0.94,0.29,1.7,0.3,10,3,4,57.1,3,0,4,3,13,0,0,114,152,75,0,0.6,0.2,-0.6
"Serie B",2022,"Vlad Chiriche?","Defender",31,"Serie A",2e+06,"Summer",25.6,0,9,2,22.2,0.08,0,0.4,-0.4,28,15,10,47.6,11,21,13,41,69,71,4,1224,1342,91.2,0,0,0.3,0
